"2023","Acura","Integra","Standard","$31,895"
"2023","Acura","Integra","A-Spec Package","$33,895"
"2023","Acura","Integra","A-Spec Technology Package","$36,895"
"2022","Acura","MDX","Standard","$49,195"
"2022","Acura","MDX","Technology Package","$53,895"
"2022","Acura","MDX","A-Spec Package","$59,595"
"2022","Acura","MDX","Advance Package","$63,145"
"2022","Acura","MDX","Type S","$67,895"
"2022","Acura","MDX","Type S Advance Package","$73,245"
"2023","Acura","MDX","Standard","$50,245"
"2023","Acura","MDX","Technology Package","$54,945"
"2023","Acura","MDX","A-Spec Package","$60,645"
"2023","Acura","MDX","Advance Package","$64,195"
"2023","Acura","MDX","Type S","$68,545"
"2023","Acura","MDX","Type S Advance Package","$73,895"
"2022","Acura","NSX","Type S","$171,495"
"2022","Acura","RDX","Standard","$41,795"
"2022","Acura","RDX","Technology Package","$44,445"
"2022","Acura","RDX","A-Spec Package","$47,445"
"2022","Acura","RDX","Advance Package","$51,795"
"2022","Acura","RDX","A-Spec Advance Package","$53,795"
"2022","Acura","RDX","PMC Edition","$55,295"
"2022","Acura","TLX","Standard","$39,995"
"2022","Acura","TLX","Technology Package","$43,995"
"2022","Acura","TLX","A-Spec Package","$46,745"
"2022","Acura","TLX","Advance Package","$50,995"
"2022","Acura","TLX","Type S","$54,795"
"2022","Audi","A3","Premium","$35,895"
"2022","Audi","A3","Premium Plus","$39,195"
"2022","Audi","A3","Prestige","$43,195"
"2023","Audi","A3","Premium","$35,995"
"2023","Audi","A3","Premium Plus","$39,595"
"2022","Audi","A4","Premium","$40,995"
"2022","Audi","A4","S line Premium","$43,095"
"2022","Audi","A4","Premium Plus","$45,695"
"2022","Audi","A4","S line Premium Plus","$47,295"
"2022","Audi","A4","Prestige","$51,295"
"2022","Audi","A4","S line Prestige","$51,995"
"2023","Audi","A4","Premium","$40,995"
"2023","Audi","A4","S line Premium","$43,095"
"2023","Audi","A4","Premium Plus","$46,095"
"2023","Audi","A4","S line Premium Plus","$47,695"
"2023","Audi","A4","Prestige","$51,295"
"2023","Audi","A4","S line Prestige","$51,995"
"2022","Audi","A4 allroad","Premium","$46,595"
"2022","Audi","A4 allroad","Premium Plus","$50,795"
"2022","Audi","A4 allroad","Prestige","$56,495"
"2023","Audi","A4 allroad","Premium","$46,595"
"2023","Audi","A4 allroad","Premium Plus","$51,195"
"2023","Audi","A4 allroad","Prestige","$56,495"
"2022","Audi","A5","Premium","$44,995"
"2022","Audi","A5","Premium Plus","$49,895"
"2022","Audi","A5","Prestige","$55,595"
"2023","Audi","A5","Premium","$45,195"
"2023","Audi","A5","Premium Plus","$50,795"
"2023","Audi","A5","Prestige","$56,095"
"2022","Audi","A6","Premium","$56,995"
"2022","Audi","A6","Premium Plus","$60,895"
"2022","Audi","A6","Prestige","$70,595"
"2023","Audi","A6","Premium","$56,995"
"2023","Audi","A6","Premium Plus","$60,895"
"2023","Audi","A6","Prestige","$70,595"
"2022","Audi","A6 allroad","Premium Plus","$67,995"
"2022","Audi","A6 allroad","Prestige","$73,495"
"2022","Audi","A7","Premium","$70,295"
"2022","Audi","A7","Premium Plus","$75,445"
"2022","Audi","A7","Plug-In Hybrid e Premium Plus","$76,995"
"2022","Audi","A7","Prestige","$79,445"
"2022","Audi","A7","Plug-In Hybrid e Prestige","$82,345"
"2022","Audi","A8","L","$87,595"
"2022","Audi","e-tron","Premium","$67,095"
"2022","Audi","e-tron","S line Premium","$70,295"
"2022","Audi","e-tron","Premium Plus","$75,995"
"2022","Audi","e-tron","S line Premium Plus","$79,195"
"2022","Audi","e-tron","S line Prestige","$83,495"
"2022","Audi","e-tron","Chronos","$84,595"
"2023","Audi","e-tron","Premium","$71,995"
"2023","Audi","e-tron","S line Premium","$75,195"
"2023","Audi","e-tron","Premium Plus","$78,995"
"2023","Audi","e-tron","S line Premium Plus","$82,195"
"2023","Audi","e-tron","S line Prestige","$90,495"
"2023","Audi","e-tron","Chronos","$87,595"
"2022","Audi","e-tron GT","Premium Plus","$103,895"
"2022","Audi","e-tron GT","Prestige","$111,095"
"2022","Audi","e-tron S","Premium Plus","$85,995"
"2022","Audi","e-tron S","Prestige","$90,995"
"2022","Audi","Q3","Premium","$37,595"
"2022","Audi","Q3","S line Premium","$39,895"
"2022","Audi","Q3","Premium Plus","$40,895"
"2022","Audi","Q3","S line Premium Plus","$43,195"
"2023","Audi","Q3","Premium","$37,595"
"2023","Audi","Q3","S line Premium","$39,895"
"2023","Audi","Q3","Premium Plus","$40,895"
"2023","Audi","Q3","S line Premium Plus","$43,195"
"2022","Audi","Q4 e-tron","Premium","$51,095"
"2022","Audi","Q4 e-tron","Premium Plus","$55,195"
"2022","Audi","Q4 e-tron","Prestige","$58,695"
"2022","Audi","Q5","Premium","$44,495"
"2022","Audi","Q5","Premium Plus","$49,495"
"2022","Audi","Q5","Prestige","$55,195"
"2022","Audi","Q5","Plug-In Hybrid e Premium","$56,595"
"2022","Audi","Q5","Plug-In Hybrid e Premium Plus","$60,695"
"2022","Audi","Q5","Plug-In Hybrid e Prestige","$65,995"
"2023","Audi","Q5","Premium","$44,695"
"2023","Audi","Q5","Premium Plus","$50,195"
"2023","Audi","Q5","Prestige","$55,695"
"2023","Audi","Q5","Plug-In Hybrid e Premium","$56,595"
"2023","Audi","Q5","Plug-In Hybrid e Premium Plus","$61,195"
"2023","Audi","Q5","Plug-In Hybrid e Prestige","$66,495"
"2022","Audi","Q7","Premium","$58,695"
"2022","Audi","Q7","Premium Plus","$61,595"
"2022","Audi","Q7","Prestige","$74,495"
"2022","Audi","Q8","Premium","$71,995"
"2022","Audi","Q8","Premium Plus","$75,895"
"2022","Audi","Q8","Prestige","$82,095"
"2023","Audi","Q8","Premium","$72,995"
"2023","Audi","Q8","Premium Plus","$78,095"
"2023","Audi","Q8","Prestige","$83,895"
"2022","Audi","R8","V10","$150,195"
"2022","Audi","R8","V10 performance","$201,295"
"2022","Audi","RS 3","Standard","$59,995"
"2022","Audi","RS 5","Standard","$76,995"
"2023","Audi","RS 5","Standard","$76,995"
"2022","Audi","RS 6 Avant","Standard","$117,595"
"2023","Audi","RS 6 Avant","Standard","$119,995"
"2022","Audi","RS 7","Standard","$119,595"
"2023","Audi","RS 7","Standard","$121,995"
"2022","Audi","RS e-tron GT","Standard","$143,895"
"2022","Audi","RS Q8","Standard","$121,095"
"2022","Audi","S3","Premium","$46,895"
"2022","Audi","S3","Premium Plus","$49,695"
"2022","Audi","S3","Prestige","$53,495"
"2023","Audi","S3","Premium","$46,995"
"2023","Audi","S3","Premium Plus","$49,895"
"2023","Audi","S3","Prestige","$53,895"
"2022","Audi","S4","Premium","$52,995"
"2022","Audi","S4","Premium Plus","$56,595"
"2022","Audi","S4","Prestige","$61,295"
"2023","Audi","S4","Premium","$53,495"
"2023","Audi","S4","Premium Plus","$57,495"
"2023","Audi","S4","Prestige","$61,795"
"2022","Audi","S5","Premium","$56,395"
"2022","Audi","S5","Premium Plus","$59,995"
"2022","Audi","S5","Prestige","$64,495"
"2023","Audi","S5","Premium","$56,395"
"2023","Audi","S5","Premium Plus","$60,895"
"2023","Audi","S5","Prestige","$64,995"
"2022","Audi","S6","Premium Plus","$75,895"
"2022","Audi","S6","Prestige","$82,595"
"2022","Audi","S7","Premium Plus","$85,695"
"2022","Audi","S7","Prestige","$91,595"
"2022","Audi","S8","Standard","$117,995"
"2022","Audi","SQ5","Premium","$56,995"
"2022","Audi","SQ5","Premium Plus","$61,195"
"2022","Audi","SQ5","Prestige","$66,395"
"2023","Audi","SQ5","Premium","$56,995"
"2023","Audi","SQ5","Premium Plus","$61,695"
"2023","Audi","SQ5","Prestige","$66,895"
"2022","Audi","SQ7","Premium Plus","$89,695"
"2022","Audi","SQ7","Prestige","$94,695"
"2022","Audi","SQ8","Premium Plus","$94,695"
"2022","Audi","SQ8","Prestige","$100,895"
"2022","Audi","TT","2.0T","$51,595"
"2022","Audi","TT RS","Standard","$74,295"
"2022","Audi","TTS","2.0T","$61,295"
"2022","BMW","2 Series","228i","$36,695"
"2022","BMW","2 Series","230i","$37,345"
"2022","BMW","2 Series","M235i","$46,495"
"2022","BMW","2 Series","M240i","$49,545"
"2023","BMW","2 Series","228i","$37,595"
"2023","BMW","2 Series","230i","$38,395"
"2023","BMW","2 Series","M235i","$47,395"
"2023","BMW","2 Series","M240i","$48,895"
"2022","BMW","3 Series","330i","$42,445"
"2022","BMW","3 Series","330e","$43,945"
"2022","BMW","3 Series","M340i","$55,695"
"2023","BMW","3 Series","330i","$43,295"
"2023","BMW","3 Series","330e","$44,295"
"2023","BMW","3 Series","M340i","$55,845"
"2022","BMW","4 Series","430i","$46,195"
"2022","BMW","4 Series","M440i","$57,695"
"2023","BMW","4 Series","430i","$46,895"
"2023","BMW","4 Series","M440i","$58,445"
"2022","BMW","5 Series","530i","$55,195"
"2022","BMW","5 Series","540i","$60,945"
"2022","BMW","5 Series","530e","$56,545"
"2022","BMW","5 Series","M550i","$77,795"
"2023","BMW","5 Series","530i","$55,795"
"2023","BMW","5 Series","540i","$62,595"
"2023","BMW","5 Series","530e","$57,395"
"2023","BMW","5 Series","M550i","$80,895"
"2022","BMW","7 Series","740i","$87,795"
"2022","BMW","7 Series","745e","$96,895"
"2022","BMW","7 Series","750i","$103,995"
"2022","BMW","7 Series","M760i","$158,795"
"2022","BMW","7 Series","ALPINA B7","$144,195"
"2023","BMW","7 Series","740i","$94,295"
"2023","BMW","7 Series","760i","$114,595"
"2022","BMW","8 Series","840i","$85,995"
"2022","BMW","8 Series","M850i","$100,895"
"2022","BMW","8 Series","ALPINA B8","$140,895"
"2023","BMW","8 Series","840i","$88,495"
"2023","BMW","8 Series","M850i","$103,495"
"2023","BMW","8 Series","ALPINA B8","$145,895"
"2022","BMW","i4","eDrive40","$56,395"
"2022","BMW","i4","M50","$66,895"
"2023","BMW","i4","eDrive40","$56,895"
"2023","BMW","i4","M50","$68,295"
"2022","BMW","iX","xDrive50","$84,195"
"2023","BMW","iX","xDrive50","$85,095"
"2023","BMW","iX","M60","$109,895"
"2023","BMW","M3","Standard","$73,795"
"2023","BMW","M3","Competition","$77,695"
"2022","BMW","M4","Standard","$72,995"
"2022","BMW","M4","Competition","$75,895"
"2023","BMW","M4","Standard","$75,695"
"2023","BMW","M4","Competition","$79,595"
"2023","BMW","M4","CSL","$140,895"
"2022","BMW","M5","Standard","$104,695"
"2022","BMW","M5","CS","$142,995"
"2023","BMW","M5","Standard","$108,895"
"2023","BMW","M8","Competition","$135,095"
"2022","BMW","X1","28i","$36,395"
"2023","BMW","X2","28i","$37,595"
"2022","BMW","X3","30i","$44,695"
"2022","BMW","X3","M40i","$58,795"
"2023","BMW","X3","30i","$46,395"
"2023","BMW","X3","M40i","$60,945"
"2022","BMW","X3 M","Standard","$71,095"
"2023","BMW","X3 M","Standard","$73,895"
"2022","BMW","X4","30i","$52,795"
"2022","BMW","X4","M40i","$63,395"
"2023","BMW","X4","30i","$54,395"
"2023","BMW","X4","M40i","$65,645"
"2022","BMW","X4 M","Standard","$74,595"
"2023","BMW","X4 M","Standard","$77,395"
"2022","BMW","X5","40i","$61,595"
"2022","BMW","X5","M50i","$83,795"
"2022","BMW","X5","45e","$64,695"
"2023","BMW","X5","40i","$62,595"
"2023","BMW","X5","M50i","$86,395"
"2023","BMW","X5","45e","$66,695"
"2022","BMW","X5 M","Standard","$107,095"
"2023","BMW","X5 M","Standard","$109,895"
"2022","BMW","X6","40i","$68,345"
"2022","BMW","X6","M50i","$87,245"
"2023","BMW","X6","40i","$71,095"
"2023","BMW","X6","M50i","$90,095"
"2022","BMW","X6 M","Standard","$110,595"
"2023","BMW","X6 M","Standard","$114,695"
"2022","BMW","X7","40i","$75,895"
"2022","BMW","X7","M50i","$100,795"
"2022","BMW","X7","ALPINA XB7","$142,295"
"2023","BMW","X7","40i","$78,845"
"2023","BMW","X7","M60i","$104,095"
"2022","BMW","Z4","30i","$50,895"
"2022","BMW","Z4","M40i","$64,695"
"2022","Buick","Enclave","Essence","$44,195"
"2022","Buick","Enclave","Premium","$51,195"
"2022","Buick","Enclave","Avenir","$56,495"
"2023","Buick","Enclave","Essence","$46,195"
"2023","Buick","Enclave","Premium","$53,195"
"2023","Buick","Enclave","Avenir","$58,495"
"2022","Buick","Encore","Preferred","$27,295"
"2022","Buick","Encore GX","Preferred","$25,595"
"2022","Buick","Encore GX","Select","$26,995"
"2022","Buick","Encore GX","Essence","$30,195"
"2023","Buick","Encore GX","Preferred","$27,095"
"2023","Buick","Encore GX","Select","$28,495"
"2023","Buick","Encore GX","Essence","$31,695"
"2022","Buick","Envision","Preferred","$32,895"
"2022","Buick","Envision","Essence","$36,995"
"2022","Buick","Envision","Avenir","$41,245"
"2022","Cadillac","CT4","Luxury","$35,090"
"2022","Cadillac","CT4","Premium Luxury","$39,990"
"2022","Cadillac","CT4","Sport","$41,190"
"2023","Cadillac","CT4","Luxury","$35,790"
"2023","Cadillac","CT4","Premium Luxury","$40,690"
"2023","Cadillac","CT4","Sport","$41,890"
"2022","Cadillac","CT4-V","Standard","$47,290"
"2022","Cadillac","CT4-V","Blackwing","$60,390"
"2023","Cadillac","CT4-V","Standard","$47,990"
"2023","Cadillac","CT4-V","Blackwing","$61,890"
"2022","Cadillac","CT5","Luxury","$38,690"
"2022","Cadillac","CT5","Premium Luxury","$43,190"
"2022","Cadillac","CT5","Sport","$44,390"
"2023","Cadillac","CT5","Luxury","$39,590"
"2023","Cadillac","CT5","Premium Luxury","$44,090"
"2023","Cadillac","CT5","Sport","$45,290"
"2022","Cadillac","CT5-V","Standard","$51,490"
"2022","Cadillac","CT5-V","Blackwing","$85,390"
"2023","Cadillac","CT5-V","Standard","$52,390"
"2023","Cadillac","CT5-V","Blackwing","$92,390"
"2022","Cadillac","Escalade","Luxury","$79,590"
"2022","Cadillac","Escalade","Premium Luxury","$88,390"
"2022","Cadillac","Escalade","Sport","$91,390"
"2022","Cadillac","Escalade","Premium Luxury Platinum","$105,890"
"2022","Cadillac","Escalade","Sport Platinum","$105,890"
"2023","Cadillac","Escalade","Luxury","$81,090"
"2023","Cadillac","Escalade","Premium Luxury","$89,890"
"2023","Cadillac","Escalade","Sport","$92,890"
"2023","Cadillac","Escalade","Premium Luxury Platinum","$107,390"
"2023","Cadillac","Escalade","Sport Platinum","$107,390"
"2023","Cadillac","Escalade-V","Standard","$150,990"
"2022","Cadillac","XT4","Luxury","$36,990"
"2022","Cadillac","XT4","Premium Luxury","$40,790"
"2022","Cadillac","XT4","Sport","$40,590"
"2023","Cadillac","XT4","Luxury","$37,490"
"2023","Cadillac","XT4","Premium Luxury","$41,390"
"2023","Cadillac","XT4","Sport","$41,990"
"2022","Cadillac","XT5","Luxury","$45,390"
"2022","Cadillac","XT5","Premium Luxury","$50,190"
"2022","Cadillac","XT5","Sport","$57,290"
"2023","Cadillac","XT5","Luxury","$45,590"
"2023","Cadillac","XT5","Premium Luxury","$51,390"
"2023","Cadillac","XT5","Sport","$58,490"
"2022","Cadillac","XT6","Luxury","$49,990"
"2022","Cadillac","XT6","Premium Luxury","$54,390"
"2022","Cadillac","XT6","Sport","$59,690"
"2023","Cadillac","XT6","Luxury","$49,990"
"2023","Cadillac","XT6","Premium Luxury","$56,190"
"2023","Cadillac","XT6","Sport","$61,490"
"2022","Chevrolet","Blazer","2LT","$34,795"
"2022","Chevrolet","Blazer","3LT","$38,995"
"2022","Chevrolet","Blazer","RS","$42,495"
"2022","Chevrolet","Blazer","Premier","$42,495"
"2023","Chevrolet","Blazer","2LT","$36,495"
"2023","Chevrolet","Blazer","3LT","$40,695"
"2023","Chevrolet","Blazer","RS","$44,195"
"2023","Chevrolet","Blazer","Premier","$44,195"
"2022","Chevrolet","Bolt EUV","LT","$34,495"
"2022","Chevrolet","Bolt EUV","Premier","$38,995"
"2023","Chevrolet","Bolt EUV","LT","$28,195"
"2023","Chevrolet","Bolt EUV","Premier","$32,695"
"2022","Chevrolet","Bolt EV","1LT","$32,495"
"2022","Chevrolet","Bolt EV","2LT","$35,695"
"2023","Chevrolet","Bolt EV","1LT","$26,595"
"2023","Chevrolet","Bolt EV","2LT","$29,795"
"2022","Chevrolet","Camaro","1LS","$26,395"
"2022","Chevrolet","Camaro","1LT","$26,895"
"2022","Chevrolet","Camaro","2LT","$28,895"
"2022","Chevrolet","Camaro","3LT","$32,895"
"2022","Chevrolet","Camaro","LT1","$35,395"
"2022","Chevrolet","Camaro","1SS","$38,895"
"2022","Chevrolet","Camaro","2SS","$43,895"
"2022","Chevrolet","Camaro","ZL1","$64,395"
"2023","Chevrolet","Camaro","1LS","$27,495"
"2023","Chevrolet","Camaro","1LT","$27,995"
"2023","Chevrolet","Camaro","2LT","$29,995"
"2023","Chevrolet","Camaro","3LT","$33,995"
"2023","Chevrolet","Camaro","LT1","$37,495"
"2023","Chevrolet","Camaro","1SS","$40,995"
"2023","Chevrolet","Camaro","2SS","$45,995"
"2023","Chevrolet","Camaro","ZL1","$68,395"
"2022","Chevrolet","Colorado","WT","$27,230"
"2022","Chevrolet","Colorado","LT","$30,030"
"2022","Chevrolet","Colorado","Z71","$36,895"
"2022","Chevrolet","Colorado","ZR2","$44,695"
"2023","Chevrolet","Corvette","1LT","$65,895"
"2023","Chevrolet","Corvette","2LT","$73,195"
"2023","Chevrolet","Corvette","3LT","$77,845"
"2022","Chevrolet","Equinox","LS","$27,695"
"2022","Chevrolet","Equinox","LT","$28,795"
"2022","Chevrolet","Equinox","RS","$31,995"
"2022","Chevrolet","Equinox","Premier","$32,895"
"2022","Chevrolet","Express Cargo Van","Base","$34,695"
"2022","Chevrolet","Express Passenger","LS","$38,895"
"2022","Chevrolet","Express Passenger","LT","$40,995"
"2022","Chevrolet","Malibu","LS","$24,495"
"2022","Chevrolet","Malibu","RS","$25,495"
"2022","Chevrolet","Malibu","LT","$27,895"
"2022","Chevrolet","Malibu","Premier","$34,595"
"2022","Chevrolet","Silverado 1500","WT","$36,395"
"2022","Chevrolet","Silverado 1500","Custom","$43,395"
"2022","Chevrolet","Silverado 1500","Custom Trail Boss","$51,295"
"2022","Chevrolet","Silverado 1500","LT","$47,495"
"2022","Chevrolet","Silverado 1500","RST","$51,695"
"2022","Chevrolet","Silverado 1500","LT Trail Boss","$57,095"
"2022","Chevrolet","Silverado 1500","LTZ","$56,495"
"2022","Chevrolet","Silverado 1500","ZR2","$70,195"
"2022","Chevrolet","Silverado 1500","High Country","$61,595"
"2022","Chevrolet","Silverado 1500 LTD","Work Truck","$32,195"
"2022","Chevrolet","Silverado 1500 LTD","Custom","$39,395"
"2022","Chevrolet","Silverado 1500 LTD","Custom Trail Boss","$46,995"
"2022","Chevrolet","Silverado 1500 LTD","LT","$43,095"
"2022","Chevrolet","Silverado 1500 LTD","LT Trail Boss","$54,295"
"2022","Chevrolet","Silverado 1500 LTD","RST","$47,395"
"2022","Chevrolet","Silverado 1500 LTD","LTZ","$51,995"
"2022","Chevrolet","Silverado 1500 LTD","High Country","$56,495"
"2022","Chevrolet","Silverado 2500HD","WT","$41,295"
"2022","Chevrolet","Silverado 2500HD","Custom","$45,495"
"2022","Chevrolet","Silverado 2500HD","LT","$45,195"
"2022","Chevrolet","Silverado 2500HD","LTZ","$54,795"
"2022","Chevrolet","Silverado 2500HD","High Country","$68,995"
"2023","Chevrolet","Silverado 2500HD","WT","$42,295"
"2023","Chevrolet","Silverado 2500HD","Custom","$46,495"
"2023","Chevrolet","Silverado 2500HD","LT","$46,495"
"2023","Chevrolet","Silverado 2500HD","LTZ","$56,095"
"2023","Chevrolet","Silverado 2500HD","High Country","$70,295"
"2022","Chevrolet","Silverado 3500HD","WT","$42,495"
"2022","Chevrolet","Silverado 3500HD","LT","$46,395"
"2022","Chevrolet","Silverado 3500HD","LTZ","$57,795"
"2022","Chevrolet","Silverado 3500HD","High Country","$70,195"
"2023","Chevrolet","Silverado 3500HD","WT","$43,495"
"2023","Chevrolet","Silverado 3500HD","LT","$47,695"
"2023","Chevrolet","Silverado 3500HD","LTZ","$59,095"
"2023","Chevrolet","Silverado 3500HD","High Country","$71,495"
"2022","Chevrolet","Spark","LS","$14,595"
"2022","Chevrolet","Spark","1LT","$16,495"
"2022","Chevrolet","Spark","ACTIV","$17,595"
"2022","Chevrolet","Spark","2LT","$17,995"
"2022","Chevrolet","Suburban","LS","$56,495"
"2022","Chevrolet","Suburban","LT","$61,995"
"2022","Chevrolet","Suburban","RST","$65,495"
"2022","Chevrolet","Suburban","Z71","$67,495"
"2022","Chevrolet","Suburban","Premier","$70,295"
"2022","Chevrolet","Suburban","High Country","$77,095"
"2023","Chevrolet","Suburban","LS","$58,695"
"2023","Chevrolet","Suburban","LT","$64,195"
"2023","Chevrolet","Suburban","RST","$66,795"
"2023","Chevrolet","Suburban","Z71","$68,795"
"2023","Chevrolet","Suburban","Premier","$72,095"
"2023","Chevrolet","Suburban","High Country","$78,895"
"2022","Chevrolet","Tahoe","LS","$53,795"
"2022","Chevrolet","Tahoe","LT","$59,295"
"2022","Chevrolet","Tahoe","RST","$62,795"
"2022","Chevrolet","Tahoe","Z71","$64,795"
"2022","Chevrolet","Tahoe","Premier","$67,595"
"2022","Chevrolet","Tahoe","High Country","$74,395"
"2023","Chevrolet","Tahoe","LS","$55,995"
"2023","Chevrolet","Tahoe","LT","$61,495"
"2023","Chevrolet","Tahoe","RST","$64,095"
"2023","Chevrolet","Tahoe","Z71","$66,095"
"2023","Chevrolet","Tahoe","Premier","$69,395"
"2023","Chevrolet","Tahoe","High Country","$76,195"
"2022","Chevrolet","Trailblazer","LS","$22,995"
"2022","Chevrolet","Trailblazer","LT","$25,195"
"2022","Chevrolet","Trailblazer","ACTIV","$27,095"
"2022","Chevrolet","Trailblazer","RS","$27,095"
"2023","Chevrolet","Trailblazer","LS","$23,295"
"2023","Chevrolet","Trailblazer","LT","$25,495"
"2023","Chevrolet","Trailblazer","ACTIV","$27,395"
"2023","Chevrolet","Trailblazer","RS","$27,395"
"2022","Chevrolet","Traverse","LS","$35,095"
"2022","Chevrolet","Traverse","LT Cloth","$37,595"
"2022","Chevrolet","Traverse","LT Leather","$41,295"
"2022","Chevrolet","Traverse","Premier","$47,995"
"2022","Chevrolet","Traverse","RS","$45,595"
"2022","Chevrolet","Traverse","High Country","$52,595"
"2023","Chevrolet","Traverse","LS","$35,915"
"2023","Chevrolet","Traverse","LT Cloth","$38,440"
"2023","Chevrolet","Traverse","LT Leather","$42,135"
"2023","Chevrolet","Traverse","RS","$46,440"
"2023","Chevrolet","Traverse","Premier","$48,595"
"2023","Chevrolet","Traverse","High Country","$53,395"
"2022","Chevrolet","Trax","LS","$22,895"
"2022","Chevrolet","Trax","LT","$24,695"
"2022","Chrysler","300","Touring","$35,140"
"2022","Chrysler","300","Touring L","$38,340"
"2022","Chrysler","300","S","$43,750"
"2022","Chrysler","Pacifica","Touring","$38,690"
"2022","Chrysler","Pacifica","Touring L","$42,720"
"2022","Chrysler","Pacifica","Limited","$50,345"
"2022","Chrysler","Pacifica","Pinnacle","$55,640"
"2022","Chrysler","Pacifica","Hybrid Touring L","$50,595"
"2022","Chrysler","Pacifica","Hybrid Limited","$55,595"
"2022","Chrysler","Pacifica","Hybrid Pinnacle","$59,645"
"2022","Dodge","Challenger","SXT","$32,140"
"2022","Dodge","Challenger","GT","$35,440"
"2022","Dodge","Challenger","R/T","$40,980"
"2022","Dodge","Challenger","R/T Scat Pack","$47,440"
"2022","Dodge","Challenger","R/T Scat Pack Widebody","$53,435"
"2022","Dodge","Challenger","SRT Hellcat","$67,640"
"2022","Dodge","Challenger","SRT Hellcat Widebody","$73,640"
"2022","Dodge","Challenger","SRT Hellcat Redeye","$79,240"
"2022","Dodge","Challenger","SRT Hellcat Redeye Widebody","$85,240"
"2022","Dodge","Challenger","SRT Jailbreak","$86,235"
"2022","Dodge","Challenger","SRT Super Stock","$88,240"
"2022","Dodge","Charger","SXT","$34,240"
"2022","Dodge","Charger","GT","$36,940"
"2022","Dodge","Charger","R/T","$43,980"
"2022","Dodge","Charger","Scat Pack","$50,340"
"2022","Dodge","Charger","Scat Pack Widebody","$56,335"
"2022","Dodge","Charger","SRT Hellcat Widebody","$78,940"
"2022","Dodge","Charger","SRT Hellcat Redeye Widebody","$87,540"
"2022","Dodge","Charger","SRT Jailbreak","$88,535"
"2022","Dodge","Durango","SXT","$40,090"
"2022","Dodge","Durango","GT","$42,590"
"2022","Dodge","Durango","GT Plus","$46,690"
"2022","Dodge","Durango","R/T","$53,190"
"2022","Dodge","Durango","Citadel","$54,090"
"2022","Dodge","Durango","R/T Plus","$57,790"
"2022","Dodge","Durango","SRT 392","$71,890"
"2022","FIAT","500X","Pop","$29,560"
"2022","FIAT","500X","Trekking","$30,695"
"2022","FIAT","500X","Sport","$31,550"
"2022","FIAT","500X","Yacht Club Capri","$35,540"
"2022","Ford","Bronco","Base","$32,895"
"2022","Ford","Bronco","Big Bend","$37,380"
"2022","Ford","Bronco","Black Diamond","$39,545"
"2022","Ford","Bronco","Outer Banks","$42,950"
"2022","Ford","Bronco","Badlands","$46,090"
"2022","Ford","Bronco","Wildtrak","$51,375"
"2022","Ford","Bronco","Everglades","$54,595"
"2022","Ford","Bronco","Raptor","$70,095"
"2022","Ford","Bronco Sport","Base","$30,410"
"2022","Ford","Bronco Sport","Big Bend","$32,125"
"2022","Ford","Bronco Sport","Outer Banks","$36,045"
"2022","Ford","Bronco Sport","Badlands","$38,185"
"2022","Ford","EcoSport","S","$23,335"
"2022","Ford","EcoSport","SE","$26,805"
"2022","Ford","EcoSport","SES","$29,500"
"2022","Ford","EcoSport","Titanium","$29,690"
"2022","Ford","Edge","SE","$39,440"
"2022","Ford","Edge","SEL","$40,840"
"2022","Ford","Edge","ST-Line","$44,595"
"2022","Ford","Edge","Titanium","$44,595"
"2022","Ford","Edge","ST","$47,980"
"2022","Ford","Escape","S","$28,680"
"2022","Ford","Escape","SE","$30,015"
"2022","Ford","Escape","SE Hybrid","$31,680"
"2022","Ford","Escape","SE Plug-In Hybrid","$36,950"
"2022","Ford","Escape","SEL","$32,390"
"2022","Ford","Escape","SEL Hybrid","$34,045"
"2022","Ford","Escape","SEL Plug-In Hybrid","$39,685"
"2022","Ford","Escape","Titanium","$38,800"
"2022","Ford","Escape","Titanium Hybrid","$36,590"
"2022","Ford","Escape","Titanium Plug-In Hybrid","$42,195"
"2022","Ford","Expedition","XL","$55,170"
"2022","Ford","Expedition","XLT","$59,235"
"2022","Ford","Expedition","Limited","$68,850"
"2022","Ford","Expedition","Timberline","$72,245"
"2022","Ford","Expedition","King Ranch","$78,905"
"2022","Ford","Expedition","Platinum","$81,355"
"2022","Ford","Explorer","Base","$37,005"
"2022","Ford","Explorer","XLT","$40,065"
"2022","Ford","Explorer","Limited","$48,565"
"2022","Ford","Explorer","Timberline","$49,815"
"2022","Ford","Explorer","ST-Line","$47,255"
"2022","Ford","Explorer","ST","$50,755"
"2022","Ford","Explorer","King Ranch","$55,125"
"2022","Ford","Explorer","Platinum","$53,870"
"2022","Ford","F-150","XL","$33,315"
"2022","Ford","F-150","XLT","$40,960"
"2022","Ford","F-150","Lariat","$50,895"
"2022","Ford","F-150","Tremor","$55,915"
"2022","Ford","F-150","King Ranch","$62,115"
"2022","Ford","F-150","Platinum","$64,895"
"2022","Ford","F-150","Raptor","$72,350"
"2022","Ford","F-150","Limited","$79,420"
"2022","Ford","F-150 Lightning","Pro","$41,769"
"2022","Ford","F-150 Lightning","XLT","$54,769"
"2022","Ford","F-150 Lightning","LARIAT","$69,269"
"2022","Ford","F-150 Lightning","Platinum","$92,669"
"2022","Ford","Maverick","XL","$22,490"
"2022","Ford","Maverick","XLT","$24,855"
"2022","Ford","Maverick","Lariat","$28,355"
"2022","Ford","Mustang","EcoBoost","$28,865"
"2022","Ford","Mustang","EcoBoost Premium","$33,890"
"2022","Ford","Mustang","GT","$39,440"
"2022","Ford","Mustang","GT Premium","$44,460"
"2022","Ford","Mustang","Mach 1","$56,665"
"2022","Ford","Mustang","Shelby GT500","$78,215"
"2022","Ford","Mustang Mach-E","Select","$44,995"
"2022","Ford","Mustang Mach-E","California Route 1","$53,875"
"2022","Ford","Mustang Mach-E","Premium","$50,200"
"2022","Ford","Mustang Mach-E","GT","$63,095"
"2022","Ford","Ranger","XL","$27,475"
"2022","Ford","Ranger","XLT","$31,525"
"2022","Ford","Ranger","Lariat","$35,565"
"2022","Ford","Super Duty F-250","XL","$41,240"
"2022","Ford","Super Duty F-250","XLT","$46,265"
"2022","Ford","Super Duty F-250","LARIAT","$54,650"
"2022","Ford","Super Duty F-250","King Ranch","$69,640"
"2022","Ford","Super Duty F-250","Platinum","$72,955"
"2022","Ford","Super Duty F-250","Limited","$91,675"
"2022","Ford","Super Duty F-350","XL","$42,755"
"2022","Ford","Super Duty F-350","XLT","$47,790"
"2022","Ford","Super Duty F-350","LARIAT","$56,175"
"2022","Ford","Super Duty F-350","King Ranch","$71,160"
"2022","Ford","Super Duty F-350","Platinum","$74,475"
"2022","Ford","Super Duty F-350","Limited","$92,850"
"2022","Ford","Super Duty F-450","XL","$57,420"
"2022","Ford","Super Duty F-450","XLT","$63,440"
"2022","Ford","Super Duty F-450","LARIAT","$74,705"
"2022","Ford","Super Duty F-450","King Ranch","$86,380"
"2022","Ford","Super Duty F-450","Platinum","$90,250"
"2022","Ford","Super Duty F-450","Limited","$98,610"
"2022","Ford","Transit Cargo Van","T-150","$41,665"
"2022","Ford","Transit Cargo Van","T-250","$42,615"
"2022","Ford","Transit Cargo Van","T-350","$43,865"
"2022","Ford","Transit Connect Van","XL","$30,760"
"2022","Ford","Transit Connect Van","XLT","$32,935"
"2022","Ford","Transit Connect Wagon","XL","$33,255"
"2022","Ford","Transit Connect Wagon","XLT","$35,370"
"2022","Ford","Transit Connect Wagon","Titanium","$37,455"
"2022","Ford","Transit Crew Van","T-150","$44,030"
"2022","Ford","Transit Crew Van","T-250","$44,975"
"2022","Ford","Transit Crew Van","T-350","$46,230"
"2022","Ford","Transit Crew Van","T-350 HD","$52,285"
"2022","Ford","Transit Passenger Wagon","T-150 XL","$48,340"
"2022","Ford","Transit Passenger Wagon","T-350 XL","$48,340"
"2022","Ford","Transit Passenger Wagon","T-350 HD XL","$51,980"
"2022","Ford","Transit Passenger Wagon","T-150 XLT","$50,850"
"2022","Ford","Transit Passenger Wagon","T-350 XLT","$50,850"
"2022","Ford","Transit Passenger Wagon","T-350 HD XLT","$54,475"
"2023","Genesis","Electrified G80","Electrified G80","$80,920"
"2022","Genesis","G70","2.0T","$38,870"
"2022","Genesis","G70","3.3T","$43,445"
"2022","Genesis","G70","3.3T Launch Edition","$53,845"
"2023","Genesis","G70","2.0T","$40,245"
"2023","Genesis","G70","3.3T","$45,745"
"2022","Genesis","G80","2.5T","$53,745"
"2022","Genesis","G80","3.5T Sport","$70,895"
"2023","Genesis","G80","2.5T","$50,595"
"2023","Genesis","G80","3.5T Sport","$66,345"
"2022","Genesis","G90","3.3T Premium","$76,045"
"2022","Genesis","G90","5.0L Ultimate","$79,795"
"2023","Genesis","G90","3.5T","$89,495"
"2023","Genesis","G90","3.5T E-Supercharger","$99,795"
"2023","Genesis","GV60","Advanced","$59,985"
"2023","Genesis","GV60","Performance","$68,985"
"2023","Genesis","GV70","2.5T","$43,995"
"2023","Genesis","GV70","3.5T Sport","$56,095"
"2023","Genesis","GV80","Standard","$56,645"
"2023","Genesis","GV80","Advanced +","$71,695"
"2022","GMC","Acadia","SLE","$36,195"
"2022","GMC","Acadia","SLT","$40,495"
"2022","GMC","Acadia","AT4","$42,795"
"2022","GMC","Acadia","Denali","$47,995"
"2023","GMC","Acadia","SLE","$38,195"
"2023","GMC","Acadia","SLT","$42,495"
"2023","GMC","Acadia","AT4","$44,795"
"2023","GMC","Acadia","Denali","$49,995"
"2022","GMC","Canyon","Elevation Standard","$28,595"
"2022","GMC","Canyon","Elevation","$32,095"
"2022","GMC","Canyon","AT4","$40,195"
"2022","GMC","Canyon","Denali","$42,995"
"2022","GMC","HUMMER EV","Edition 1","$110,295"
"2022","GMC","Savana Cargo Van","Base","$34,695"
"2022","GMC","Savana Passenger","LS","$38,895"
"2022","GMC","Savana Passenger","LT","$40,995"
"2022","GMC","Sierra 1500","Pro","$37,195"
"2022","GMC","Sierra 1500","SLE","$48,455"
"2022","GMC","Sierra 1500","Elevation","$50,095"
"2022","GMC","Sierra 1500","SLT","$53,995"
"2022","GMC","Sierra 1500","AT4","$64,295"
"2022","GMC","Sierra 1500","AT4X","$78,295"
"2022","GMC","Sierra 1500","Denali","$64,595"
"2022","GMC","Sierra 1500","Denali Ultimate","$83,695"
"2022","GMC","Sierra 1500 Limited","Pro","$32,995"
"2022","GMC","Sierra 1500 Limited","SLE","$44,195"
"2022","GMC","Sierra 1500 Limited","Elevation","$45,895"
"2022","GMC","Sierra 1500 Limited","SLT","$50,295"
"2022","GMC","Sierra 1500 Limited","AT4","$58,595"
"2022","GMC","Sierra 1500 Limited","Denali","$58,595"
"2022","GMC","Sierra 2500HD","Pro","$41,995"
"2022","GMC","Sierra 2500HD","SLE","$47,295"
"2022","GMC","Sierra 2500HD","SLT","$56,895"
"2022","GMC","Sierra 2500HD","AT4","$64,895"
"2022","GMC","Sierra 2500HD","Denali","$71,395"
"2023","GMC","Sierra 2500HD","Pro","$42,995"
"2023","GMC","Sierra 2500HD","SLE","$49,795"
"2023","GMC","Sierra 2500HD","SLT","$59,395"
"2023","GMC","Sierra 2500HD","AT4","$67,395"
"2023","GMC","Sierra 2500HD","Denali","$73,895"
"2022","GMC","Sierra 3500HD","Pro","$43,195"
"2022","GMC","Sierra 3500HD","SLE","$48,495"
"2022","GMC","Sierra 3500HD","SLT","$59,895"
"2022","GMC","Sierra 3500HD","AT4","$66,095"
"2022","GMC","Sierra 3500HD","Denali","$72,595"
"2023","GMC","Sierra 3500HD","Pro","$44,195"
"2023","GMC","Sierra 3500HD","SLE","$50,995"
"2023","GMC","Sierra 3500HD","SLT","$62,395"
"2023","GMC","Sierra 3500HD","AT4","$68,595"
"2023","GMC","Sierra 3500HD","Denali","$75,095"
"2022","GMC","Terrain","SLE","$29,795"
"2022","GMC","Terrain","SLT","$33,795"
"2022","GMC","Terrain","AT4","$35,895"
"2022","GMC","Terrain","Denali","$38,495"
"2022","GMC","Yukon","SLE","$55,795"
"2022","GMC","Yukon","SLT","$62,495"
"2022","GMC","Yukon","AT4","$70,295"
"2022","GMC","Yukon","Denali","$73,895"
"2023","GMC","Yukon","SLE","$59,195"
"2023","GMC","Yukon","SLT","$65,895"
"2023","GMC","Yukon","AT4","$72,500"
"2023","GMC","Yukon","Denali","$76,100"
"2023","GMC","Yukon","Denali Ultimate","$96,350"
"2022","Honda","Accord","LX","$27,615"
"2022","Honda","Accord","Sport","$30,075"
"2022","Honda","Accord","Sport SE","$31,565"
"2022","Honda","Accord","EX-L","$33,935"
"2022","Honda","Accord","Touring","$39,545"
"2022","Honda","Accord","Hybrid","$28,815"
"2022","Honda","Accord","Hybrid Sport","$32,165"
"2022","Honda","Accord","Hybrid EX-L","$35,135"
"2022","Honda","Accord","Hybrid Touring","$38,685"
"2022","Honda","Civic","LX","$23,645"
"2022","Honda","Civic","Sport","$25,045"
"2022","Honda","Civic","EX","$26,645"
"2022","Honda","Civic","EX-L","$28,345"
"2022","Honda","Civic","Si","$28,595"
"2022","Honda","Civic","Touring","$30,245"
"2022","Honda","Civic","Sport Touring","$31,145"
"2022","Honda","CR-V","LX","$28,045"
"2022","Honda","CR-V","Special Edition","$29,245"
"2022","Honda","CR-V","EX","$30,555"
"2022","Honda","CR-V","Hybrid EX","$33,255"
"2022","Honda","CR-V","EX-L","$33,145"
"2022","Honda","CR-V","Hybrid EX-L","$35,845"
"2022","Honda","CR-V","Touring","$37,845"
"2022","Honda","CR-V","Hybrid Touring","$39,045"
"2023","Honda","HR-V","LX","$24,895"
"2023","Honda","HR-V","Sport","$26,895"
"2023","Honda","HR-V","EX-L","$28,695"
"2022","Honda","Insight","EX","$26,855"
"2022","Honda","Insight","Touring","$30,885"
"2023","Honda","Odyssey","EX","$38,635"
"2023","Honda","Odyssey","EX-L","$41,705"
"2023","Honda","Odyssey","Sport","$42,505"
"2023","Honda","Odyssey","Touring","$45,745"
"2023","Honda","Odyssey","Elite","$50,765"
"2022","Honda","Passport","EX-L","$39,665"
"2022","Honda","Passport","TrailSport","$44,265"
"2022","Honda","Passport","Elite","$47,225"
"2022","Honda","Pilot","Sport","$39,375"
"2022","Honda","Pilot","EX-L","$41,605"
"2022","Honda","Pilot","Special Edition","$42,205"
"2022","Honda","Pilot","TrailSport","$46,105"
"2022","Honda","Pilot","Touring","$46,165"
"2022","Honda","Pilot","Elite","$51,665"
"2022","Honda","Pilot","Black Edition","$53,165"
"2022","Honda","Ridgeline","Sport","$39,435"
"2022","Honda","Ridgeline","RTL","$42,415"
"2022","Honda","Ridgeline","RTL-E","$45,365"
"2022","Honda","Ridgeline","Black Edition","$46,865"
"2023","Honda","Ridgeline","Sport","$40,095"
"2023","Honda","Ridgeline","RTL","$43,075"
"2023","Honda","Ridgeline","RTL-E","$46,025"
"2023","Honda","Ridgeline","Black Edition","$47,525"
"2022","Hyundai","Accent","SE","$17,740"
"2022","Hyundai","Accent","SEL","$18,995"
"2022","Hyundai","Accent","Limited","$20,695"
"2022","Hyundai","Elantra","SE","$21,295"
"2022","Hyundai","Elantra","Hybrid Blue","$25,195"
"2022","Hyundai","Elantra","SEL","$22,545"
"2022","Hyundai","Elantra","N Line","$25,445"
"2022","Hyundai","Elantra","Limited","$27,045"
"2022","Hyundai","Elantra","Hybrid Limited","$29,695"
"2022","Hyundai","Elantra","N","$33,245"
"2023","Hyundai","Elantra","SE","$21,595"
"2023","Hyundai","Elantra","Hybrid Blue","$25,495"
"2023","Hyundai","Elantra","SEL","$22,845"
"2023","Hyundai","Elantra","N Line","$28,145"
"2023","Hyundai","Elantra","Limited","$27,445"
"2023","Hyundai","Elantra","Hybrid Limited","$30,095"
"2022","Hyundai","Ioniq","Hybrid Blue","$24,695"
"2022","Hyundai","Ioniq","Hybrid SE","$26,645"
"2022","Hyundai","Ioniq","Hybrid SEL","$29,895"
"2022","Hyundai","Ioniq","Hybrid Limited","$32,695"
"2022","Hyundai","Ioniq","Plug-In Hybrid SE","$27,895"
"2022","Hyundai","Ioniq","Plug-In Hybrid SEL","$30,895"
"2022","Hyundai","Ioniq","Plug-In Hybrid Limited","$34,345"
"2022","Hyundai","IONIQ 5","SE Standard Range","$41,245"
"2022","Hyundai","IONIQ 5","SE","$45,295"
"2022","Hyundai","IONIQ 5","SEL","$47,545"
"2022","Hyundai","IONIQ 5","Limited","$52,395"
"2022","Hyundai","Kona","SE","$22,595"
"2022","Hyundai","Kona","SEL","$24,395"
"2022","Hyundai","Kona","N Line","$27,145"
"2022","Hyundai","Kona","Limited","$29,895"
"2022","Hyundai","Kona","N","$35,495"
"2023","Hyundai","Kona","SE","$23,285"
"2023","Hyundai","Kona","SEL","$25,095"
"2023","Hyundai","Kona","N Line","$28,995"
"2023","Hyundai","Kona","Limited","$30,095"
"2023","Hyundai","Kona","N","$35,995"
"2023","Hyundai","Kona Electric","SE","$34,845"
"2023","Hyundai","Kona Electric","SEL","$38,595"
"2023","Hyundai","Kona Electric","Limited","$42,845"
"2023","Hyundai","Palisade","SE","$36,545"
"2023","Hyundai","Palisade","SEL","$39,545"
"2023","Hyundai","Palisade","XRT","$41,845"
"2023","Hyundai","Palisade","Limited","$48,095"
"2023","Hyundai","Palisade","Calligraphy","$50,495"
"2022","Hyundai","Santa Cruz","SE","$25,735"
"2022","Hyundai","Santa Cruz","SEL","$28,935"
"2022","Hyundai","Santa Cruz","SEL Premium","$37,425"
"2022","Hyundai","Santa Cruz","Limited","$41,465"
"2023","Hyundai","Santa Cruz","SE","$26,745"
"2023","Hyundai","Santa Cruz","SEL","$29,085"
"2023","Hyundai","Santa Cruz","NIGHT","$37,105"
"2023","Hyundai","Santa Cruz","SEL Premium","$38,645"
"2023","Hyundai","Santa Cruz","Limited","$41,615"
"2022","Hyundai","Santa Fe","SE","$28,495"
"2022","Hyundai","Santa Fe","SEL","$30,745"
"2022","Hyundai","Santa Fe","XRT","$34,045"
"2022","Hyundai","Santa Fe","Limited","$40,705"
"2022","Hyundai","Santa Fe","Calligraphy","$42,705"
"2022","Hyundai","Santa Fe","Hybrid Blue","$35,595"
"2022","Hyundai","Santa Fe","Hybrid SEL Premium","$39,655"
"2022","Hyundai","Santa Fe","Hybrid Limited","$42,005"
"2022","Hyundai","Santa Fe","Plug-In Hybrid SEL Convenience","$41,295"
"2022","Hyundai","Santa Fe","Plug-In Hybrid Limited","$47,305"
"2023","Hyundai","Santa Fe","SE","$29,495"
"2023","Hyundai","Santa Fe","SEL","$33,195"
"2023","Hyundai","Santa Fe","XRT","$34,995"
"2023","Hyundai","Santa Fe","Limited","$41,345"
"2023","Hyundai","Santa Fe","Calligraphy","$43,345"
"2022","Hyundai","Sonata","SE","$25,245"
"2022","Hyundai","Sonata","SEL","$27,345"
"2022","Hyundai","Sonata","SEL Plus","$32,545"
"2022","Hyundai","Sonata","N Line","$34,845"
"2022","Hyundai","Sonata","N Line Night Edition","$35,845"
"2022","Hyundai","Sonata","Limited","$35,495"
"2022","Hyundai","Sonata","Hybrid Blue","$28,445"
"2022","Hyundai","Sonata","Hybrid SEL","$31,195"
"2022","Hyundai","Sonata","Hybrid Limited","$36,795"
"2023","Hyundai","Sonata","SE","$26,045"
"2023","Hyundai","Sonata","SEL","$28,570"
"2023","Hyundai","Sonata","SEL Plus","$33,070"
"2023","Hyundai","Sonata","N Line","$35,420"
"2023","Hyundai","Sonata","Limited","$36,070"
"2023","Hyundai","Sonata","Hybrid Blue","$29,045"
"2023","Hyundai","Sonata","Hybrid SEL","$32,395"
"2023","Hyundai","Sonata","Hybrid Limited","$37,345"
"2022","Hyundai","Tucson","SE","$26,245"
"2022","Hyundai","Tucson","SEL","$28,395"
"2022","Hyundai","Tucson","N Line","$32,495"
"2022","Hyundai","Tucson","XRT","$33,145"
"2022","Hyundai","Tucson","Limited","$36,595"
"2022","Hyundai","Tucson","Hybrid Blue","$31,045"
"2022","Hyundai","Tucson","Hybrid SEL Convenience","$33,645"
"2022","Hyundai","Tucson","Hybrid Limited","$39,345"
"2022","Hyundai","Tucson","Plug-In Hybrid SEL","$36,695"
"2022","Hyundai","Tucson","Plug-In Hybrid Limited","$44,495"
"2023","Hyundai","Tucson","SE","$27,745"
"2023","Hyundai","Tucson","SEL","$29,345"
"2023","Hyundai","Tucson","N Line","$34,620"
"2023","Hyundai","Tucson","XRT","$34,570"
"2023","Hyundai","Tucson","Limited","$37,005"
"2023","Hyundai","Tucson","Hybrid Blue","$32,195"
"2023","Hyundai","Tucson","Hybrid SEL Convenience","$35,155"
"2023","Hyundai","Tucson","Hybrid Limited","$39,955"
"2023","Hyundai","Tucson","Plug-In Hybrid SEL","$38,345"
"2023","Hyundai","Tucson","Plug-In Hybrid Limited","$45,605"
"2022","Hyundai","Veloster","N","$33,595"
"2022","Hyundai","Venue","SE","$20,295"
"2022","Hyundai","Venue","SEL","$22,045"
"2022","Hyundai","Venue","Limited","$23,545"
"2022","INFINITI","Q50","LUXE","$43,125"
"2022","INFINITI","Q50","SENSORY","$48,825"
"2022","INFINITI","Q50","RED SPORT 400","$56,975"
"2023","INFINITI","Q50","LUXE","$43,675"
"2023","INFINITI","Q50","SENSORY","$49,375"
"2023","INFINITI","Q50","RED SPORT 400","$57,525"
"2022","INFINITI","Q60","PURE","$43,325"
"2022","INFINITI","Q60","LUXE","$51,875"
"2022","INFINITI","Q60","RED SPORT 400","$59,775"
"2022","INFINITI","QX50","PURE","$40,175"
"2022","INFINITI","QX50","LUXE","$43,525"
"2022","INFINITI","QX50","ESSENTIAL","$47,975"
"2022","INFINITI","QX50","SENSORY","$52,675"
"2022","INFINITI","QX50","AUTOGRAPH","$58,125"
"2022","INFINITI","QX55","LUXE","$47,525"
"2022","INFINITI","QX55","ESSENTIAL","$52,625"
"2022","INFINITI","QX55","SENSORY","$58,075"
"2023","INFINITI","QX55","LUXE","$50,275"
"2023","INFINITI","QX55","ESSENTIAL","$55,375"
"2023","INFINITI","QX55","SENSORY","$58,925"
"2022","INFINITI","QX60","PURE","$49,045"
"2022","INFINITI","QX60","LUXE","$55,095"
"2022","INFINITI","QX60","SENSORY","$58,545"
"2022","INFINITI","QX60","AUTOGRAPH","$62,545"
"2023","INFINITI","QX60","PURE","$50,395"
"2023","INFINITI","QX60","LUXE","$56,445"
"2023","INFINITI","QX60","SENSORY","$59,795"
"2023","INFINITI","QX60","AUTOGRAPH","$63,795"
"2022","INFINITI","QX80","LUXE","$73,645"
"2022","INFINITI","QX80","PREMIUM SELECT","$77,945"
"2022","INFINITI","QX80","SENSORY","$84,795"
"2022","Jaguar","E-PACE","Standard","$42,850"
"2022","Jaguar","E-PACE","SE","$47,950"
"2022","Jaguar","E-PACE","300 Sport","$52,050"
"2022","Jaguar","F-PACE","Standard","$52,050"
"2022","Jaguar","F-PACE","S","$55,150"
"2022","Jaguar","F-PACE","R-Dynamic S","$66,650"
"2022","Jaguar","F-PACE","SVR","$87,750"
"2023","Jaguar","F-PACE","Standard","$53,675"
"2023","Jaguar","F-PACE","S","$57,275"
"2023","Jaguar","F-PACE","R-Dynamic S","$66,075"
"2023","Jaguar","F-PACE","SVR","$90,775"
"2022","Jaguar","F-TYPE","Standard","$71,050"
"2022","Jaguar","F-TYPE","R-Dynamic","$81,050"
"2022","Jaguar","F-TYPE","R","$104,350"
"2023","Jaguar","F-TYPE","Standard","$74,675"
"2023","Jaguar","F-TYPE","R-Dynamic","$85,175"
"2023","Jaguar","F-TYPE","R","$109,775"
"2022","Jaguar","I-PACE","HSE","$71,050"
"2022","Jaguar","XF","S","$46,450"
"2022","Jaguar","XF","SE","$49,250"
"2022","Jaguar","XF","R-Dynamic SE","$52,150"
"2022","Jeep","Cherokee","Altitude","$31,590"
"2022","Jeep","Cherokee","X","$36,490"
"2022","Jeep","Cherokee","Latitude Lux","$36,490"
"2022","Jeep","Cherokee","Trailhawk","$39,140"
"2022","Jeep","Cherokee","Limited","$40,940"
"2022","Jeep","Compass","Sport","$28,380"
"2022","Jeep","Compass","Latitude","$30,930"
"2022","Jeep","Compass","Altitude","$32,575"
"2022","Jeep","Compass","Latitude Lux","$33,790"
"2022","Jeep","Compass","Trailhawk","$35,805"
"2022","Jeep","Compass","Limited","$35,590"
"2022","Jeep","Compass","High Altitude","$38,185"
"2022","Jeep","Compass","(RED) Edition","$37,190"
"2022","Jeep","Gladiator","Sport","$38,765"
"2022","Jeep","Gladiator","Willys Sport","$41,075"
"2022","Jeep","Gladiator","Sport S","$42,165"
"2022","Jeep","Gladiator","Altitude","$43,960"
"2022","Jeep","Gladiator","Willys","$45,060"
"2022","Jeep","Gladiator","Texas Trail","$45,310"
"2022","Jeep","Gladiator","Overland","$46,175"
"2022","Jeep","Gladiator","Rubicon","$50,705"
"2022","Jeep","Gladiator","Mojave","$50,705"
"2022","Jeep","Gladiator","High Altitude","$53,675"
"2023","Jeep","Gladiator","Sport","$38,970"
"2023","Jeep","Gladiator","Willys Sport","$41,280"
"2023","Jeep","Gladiator","Sport S","$42,370"
"2023","Jeep","Gladiator","Willys","$46,415"
"2023","Jeep","Gladiator","Texas Trail","$45,515"
"2023","Jeep","Gladiator","Freedom","$45,665"
"2023","Jeep","Gladiator","Overland","$48,175"
"2023","Jeep","Gladiator","Rubicon","$50,915"
"2023","Jeep","Gladiator","Mojave","$50,915"
"2023","Jeep","Gladiator","High Altitude","$55,675"
"2022","Jeep","Grand Cherokee","Laredo","$40,120"
"2022","Jeep","Grand Cherokee","Altitude","$45,225"
"2022","Jeep","Grand Cherokee","Limited","$46,440"
"2022","Jeep","Grand Cherokee","Trailhawk","$56,030"
"2022","Jeep","Grand Cherokee","Overland","$56,035"
"2022","Jeep","Grand Cherokee","Summit","$60,095"
"2022","Jeep","Grand Cherokee","Summit Reserve","$66,575"
"2022","Jeep","Grand Cherokee","4xe","$60,260"
"2022","Jeep","Grand Cherokee","Trailhawk 4xe","$65,455"
"2022","Jeep","Grand Cherokee","Overland 4xe","$69,225"
"2022","Jeep","Grand Cherokee","Summit 4xe","$72,990"
"2022","Jeep","Grand Cherokee","Summit Reserve 4xe","$77,470"
"2023","Jeep","Grand Cherokee","Laredo","$40,795"
"2023","Jeep","Grand Cherokee","Altitude","$45,900"
"2023","Jeep","Grand Cherokee","Limited","$47,615"
"2023","Jeep","Grand Cherokee","Overland","$57,705"
"2023","Jeep","Grand Cherokee","Summit","$61,470"
"2023","Jeep","Grand Cherokee","Summit Reserve","$67,950"
"2022","Jeep","Grand Cherokee WK","Laredo E","$38,575"
"2022","Jeep","Grand Cherokee WK","Laredo X","$42,275"
"2022","Jeep","Grand Cherokee WK","Limited","$44,425"
"2022","Jeep","Grand Wagoneer","Series I","$89,995"
"2022","Jeep","Grand Wagoneer","Series II","$99,995"
"2022","Jeep","Grand Wagoneer","Series II Obsidian","$105,490"
"2022","Jeep","Grand Wagoneer","Series III","$109,995"
"2022","Jeep","Renegade","Sport","$26,290"
"2022","Jeep","Renegade","Latitude","$30,740"
"2022","Jeep","Renegade","Altitude","$31,735"
"2022","Jeep","Renegade","(RED) Edition","$32,135"
"2022","Jeep","Renegade","Trailhawk","$32,540"
"2022","Jeep","Renegade","Limited","$32,740"
"2022","Jeep","Wagoneer","Series I","$60,995"
"2022","Jeep","Wagoneer","Series I Carbide","$66,490"
"2022","Jeep","Wagoneer","Series II","$70,995"
"2022","Jeep","Wagoneer","Series II Carbide","$75,190"
"2022","Jeep","Wagoneer","Series III","$75,995"
"2022","Jeep","Wagoneer","Series III Carbide","$80,190"
"2022","Jeep","Wrangler","Sport","$31,590"
"2022","Jeep","Wrangler","Willys Sport","$33,650"
"2022","Jeep","Wrangler","Sport S","$34,790"
"2022","Jeep","Wrangler","Willys","$37,645"
"2022","Jeep","Wrangler","Sport Altitude","$40,835"
"2022","Jeep","Wrangler","Sahara","$43,745"
"2022","Jeep","Wrangler","Rubicon","$43,595"
"2022","Jeep","Wrangler","Sahara Altitude","$47,340"
"2022","Jeep","Wrangler","High Tide","$47,535"
"2022","Jeep","Wrangler","High Altitude","$52,470"
"2022","Jeep","Wrangler","Rubicon 392","$81,190"
"2022","Jeep","Wrangler","Sahara 4xe","$56,190"
"2022","Jeep","Wrangler","Rubicon 4xe","$59,990"
"2022","Jeep","Wrangler","Sahara High Altitude 4xe","$61,765"
"2023","Jeep","Wrangler","Sport","$31,890"
"2023","Jeep","Wrangler","Willys Sport","$34,200"
"2023","Jeep","Wrangler","Sport S","$35,090"
"2023","Jeep","Wrangler","Willys","$38,485"
"2023","Jeep","Wrangler","Sport Altitude","$41,255"
"2023","Jeep","Wrangler","Sahara","$45,915"
"2023","Jeep","Wrangler","Rubicon","$43,695"
"2023","Jeep","Wrangler","Sahara Altitude","$49,810"
"2023","Jeep","Wrangler","High Altitude","$55,010"
"2023","Jeep","Wrangler","Rubicon 392","$81,590"
"2023","Jeep","Wrangler","Sahara 4xe","$56,360"
"2023","Jeep","Wrangler","Rubicon 4xe","$60,190"
"2023","Jeep","Wrangler","Sahara High Altitude 4xe","$62,135"
"2023","Kia","Carnival","LX","$34,235"
"2023","Kia","Carnival","LXS","$36,235"
"2023","Kia","Carnival","EX","$39,735"
"2023","Kia","Carnival","SX","$42,935"
"2023","Kia","Carnival","SX Prestige","$47,335"
"2022","Kia","EV6","Light","$42,695"
"2022","Kia","EV6","Wind","$48,795"
"2022","Kia","EV6","GT-Line","$52,995"
"2023","Kia","Forte","LX","$20,585"
"2023","Kia","Forte","LXS","$21,085"
"2023","Kia","Forte","GT-Line","$22,785"
"2023","Kia","Forte","GT","$25,285"
"2023","Kia","K5","LXS","$26,185"
"2023","Kia","K5","GT-Line","$27,585"
"2023","Kia","K5","EX","$30,085"
"2023","Kia","K5","GT","$32,585"
"2022","Kia","Niro","Hybrid LX","$25,985"
"2022","Kia","Niro","Hybrid LXS","$27,385"
"2022","Kia","Niro","Hybrid LXS SE","$28,885"
"2022","Kia","Niro","Hybrid Touring SE","$31,185"
"2022","Kia","Niro","Hybrid EX Premium","$33,285"
"2022","Kia","Niro","Plug-In Hybrid LXS","$30,885"
"2022","Kia","Niro","Plug-In Hybrid EX","$34,685"
"2022","Kia","Niro","Plug-In Hybrid EX Premium","$37,785"
"2022","Kia","Niro EV","S","$40,385"
"2022","Kia","Niro EV","EX","$41,285"
"2022","Kia","Niro EV","EX Premium","$45,945"
"2022","Kia","Rio","LX","$17,545"
"2022","Kia","Rio","S","$18,185"
"2023","Kia","Rio","LX","$17,645"
"2023","Kia","Rio","S","$18,285"
"2023","Kia","Seltos","LX","$24,135"
"2023","Kia","Seltos","S","$24,185"
"2023","Kia","Seltos","EX","$27,435"
"2023","Kia","Seltos","Nightfall","$28,335"
"2023","Kia","Seltos","SX","$29,635"
"2022","Kia","Sorento","LX","$30,885"
"2022","Kia","Sorento","S","$33,685"
"2022","Kia","Sorento","X-Line S","$35,685"
"2022","Kia","Sorento","Hybrid S","$35,385"
"2022","Kia","Sorento","EX","$36,785"
"2022","Kia","Sorento","X-Line EX","$40,485"
"2022","Kia","Sorento","Hybrid EX","$37,385"
"2022","Kia","Sorento","SX","$39,585"
"2022","Kia","Sorento","Plug-In Hybrid SX","$46,485"
"2022","Kia","Sorento","SX Prestige","$42,485"
"2022","Kia","Sorento","X-Line SX Prestige","$44,485"
"2022","Kia","Sorento","Plug-In Hybrid SX Prestige","$49,385"
"2023","Kia","Soul","LX","$21,085"
"2023","Kia","Soul","S","$23,585"
"2023","Kia","Soul","GT-Line","$24,685"
"2023","Kia","Soul","EX","$25,385"
"2023","Kia","Sportage","LX","$27,285"
"2023","Kia","Sportage","Hybrid LX","$28,585"
"2023","Kia","Sportage","EX","$29,285"
"2023","Kia","Sportage","Hybrid EX","$32,285"
"2023","Kia","Sportage","X-Line","$32,085"
"2023","Kia","Sportage","SX","$32,785"
"2023","Kia","Sportage","SX-Prestige","$34,785"
"2023","Kia","Sportage","Hybrid SX-Prestige","$37,485"
"2023","Kia","Sportage","X-Pro","$35,785"
"2023","Kia","Sportage","X-Pro Prestige","$38,085"
"2023","Kia","Sportage","Plug-In Hybrid X-Line","$39,785"
"2023","Kia","Sportage","Plug-In Hybrid X-Line Prestige","$44,285"
"2023","Kia","Stinger","GT-Line","$37,735"
"2023","Kia","Stinger","GT2","$52,935"
"2022","Kia","Telluride","LX","$34,725"
"2022","Kia","Telluride","S","$37,225"
"2022","Kia","Telluride","EX","$39,725"
"2022","Kia","Telluride","SX","$44,625"
"2022","Lexus","ES","ES 250","$42,100"
"2022","Lexus","ES","ES 250 F SPORT","$46,750"
"2022","Lexus","ES","ES 250 Luxury","$47,500"
"2022","Lexus","ES","ES 250 Ultra Luxury","$51,280"
"2022","Lexus","ES","ES 350","$42,100"
"2022","Lexus","ES","ES 350 F SPORT","$46,750"
"2022","Lexus","ES","ES 350 Luxury","$47,500"
"2022","Lexus","ES","ES 350 Ultra Luxury","$51,280"
"2022","Lexus","ES","ES 300h","$43,300"
"2022","Lexus","ES","ES 300h F SPORT","$46,850"
"2022","Lexus","ES","ES 300h Luxury","$48,700"
"2022","Lexus","ES","ES 300h Ultra Luxury","$52,480"
"2022","Lexus","GX","GX 460","$57,275"
"2022","Lexus","GX","GX 460 Premium","$58,610"
"2022","Lexus","GX","GX 460 Luxury","$66,785"
"2022","Lexus","IS","IS 300","$40,275"
"2022","Lexus","IS","IS 350 F SPORT","$44,700"
"2022","Lexus","IS","IS 500 F SPORT Performance","$58,000"
"2022","Lexus","IS","IS 500 F SPORT Performance Premium","$62,500"
"2022","Lexus","IS","IS 500 F SPORT Performance Launch Edition","$68,550"
"2022","Lexus","LC","LC 500","$94,300"
"2022","Lexus","LC","LC 500h","$100,300"
"2022","Lexus","LS","LS 500","$77,250"
"2022","Lexus","LS","LS 500 F SPORT","$80,850"
"2022","Lexus","LS","LS 500h","$113,150"
"2022","Lexus","LX","LX 600","$88,245"
"2022","Lexus","LX","LX 600 Premium","$96,345"
"2022","Lexus","LX","LX 600 F SPORT","$102,345"
"2022","Lexus","LX","LX 600 Luxury","$104,345"
"2022","Lexus","LX","LX 600 Ultra Luxury","$127,345"
"2022","Lexus","NX","NX 250","$39,500"
"2022","Lexus","NX","NX 250 Premium","$42,550"
"2022","Lexus","NX","NX 250 Luxury","$45,650"
"2022","Lexus","NX","NX 350","$43,100"
"2022","Lexus","NX","NX 350 Premium","$46,150"
"2022","Lexus","NX","NX 350 Luxury","$50,550"
"2022","Lexus","NX","NX 350 F SPORT Handling","$48,200"
"2022","Lexus","NX","NX 350h","$42,700"
"2022","Lexus","NX","NX 350h Premium","$45,750"
"2022","Lexus","NX","NX 350h Luxury","$50,150"
"2022","Lexus","NX","NX 450h+ Luxury","$57,300"
"2022","Lexus","NX","NX 450h+ F SPORT","$58,550"
"2022","Lexus","RC","RC 300","$43,970"
"2022","Lexus","RC","RC 300 F SPORT","$48,440"
"2022","Lexus","RC","RC 350","$46,900"
"2022","Lexus","RC","RC 350 F SPORT","$51,370"
"2022","Lexus","RC","RC F","$67,370"
"2022","Lexus","RC","RC F Fuji Speedway Edition","$102,245"
"2022","Lexus","RX","RX 350","$47,070"
"2022","Lexus","RX","RX 350 F Sport","$50,550"
"2022","Lexus","RX","RX 350L","$49,900"
"2022","Lexus","RX","RX 450h F Sport","$53,350"
"2022","Lexus","RX","RX 450h","$49,870"
"2022","Lexus","RX","RX 450hL","$53,260"
"2022","Lexus","UX","UX 200","$34,600"
"2022","Lexus","UX","UX 200 F SPORT","$36,940"
"2022","Lexus","UX","UX 200 Luxury","$39,640"
"2022","Lexus","UX","UX 250h","$36,900"
"2022","Lexus","UX","UX 250h F SPORT","$39,240"
"2022","Lexus","UX","UX 250h Luxury","$41,940"
"2023","Lexus","UX","UX 250h","$35,925"
"2023","Lexus","UX","UX 250h Premium","$38,385"
"2023","Lexus","UX","UX 250h F SPORT Design","$38,385"
"2023","Lexus","UX","UX 250h F SPORT Handling","$43,355"
"2022","Lincoln","Aviator","Standard","$52,975"
"2022","Lincoln","Aviator","Reserve","$58,870"
"2022","Lincoln","Aviator","Grand Touring","$69,875"
"2022","Lincoln","Aviator","Black Label","$80,870"
"2022","Lincoln","Aviator","Black Label Grand Touring","$89,425"
"2023","Lincoln","Aviator","Standard","$54,535"
"2023","Lincoln","Aviator","Reserve","$59,700"
"2023","Lincoln","Aviator","Grand Touring","$70,385"
"2023","Lincoln","Aviator","Black Label","$81,920"
"2023","Lincoln","Aviator","Black Label Grand Touring","$90,475"
"2022","Lincoln","Corsair","Standard","$37,775"
"2022","Lincoln","Corsair","Reserve","$42,605"
"2022","Lincoln","Corsair","Grand Touring","$53,005"
"2022","Lincoln","Nautilus","Standard","$45,285"
"2022","Lincoln","Nautilus","Reserve","$51,700"
"2022","Lincoln","Nautilus","Black Label","$67,905"
"2022","Lincoln","Navigator","Standard","$79,330"
"2022","Lincoln","Navigator","Reserve","$91,520"
"2022","Lincoln","Navigator","Black Label","$108,330"
"2022","Maserati","Ghibli","GT","$77,695"
"2022","Maserati","Ghibli","Modena","$82,395"
"2022","Maserati","Ghibli","Modena Q4","$84,995"
"2022","Maserati","Ghibli","F Tributo","$100,385"
"2022","Maserati","Ghibli","F Tributo Q4","$102,885"
"2022","Maserati","Ghibli","Trofeo","$112,095"
"2022","Maserati","Levante","GT","$80,895"
"2022","Maserati","Levante","Modena","$91,895"
"2022","Maserati","Levante","F Tributo","$108,085"
"2022","Maserati","Levante","Modena S","$116,895"
"2022","Maserati","Levante","Trofeo","$154,595"
"2022","Maserati","MC20","MC20","$215,995"
"2022","Maserati","Quattroporte","GT","$97,995"
"2022","Maserati","Quattroporte","Modena","$107,795"
"2022","Maserati","Quattroporte","Modena Q4","$112,295"
"2022","Maserati","Quattroporte","Trofeo","$145,195"
"2022","Mazda","CX-30","S","$23,775"
"2022","Mazda","CX-30","Select","$26,175"
"2022","Mazda","CX-30","Preferred","$29,225"
"2022","Mazda","CX-30","Carbon Edition","$29,865"
"2022","Mazda","CX-30","Premium","$32,075"
"2022","Mazda","CX-30","Turbo","$31,775"
"2022","Mazda","CX-30","Turbo Premium","$34,375"
"2022","Mazda","CX-30","Turbo Premium Plus","$35,975"
"2022","Mazda","CX-5","2.5 S","$27,525"
"2022","Mazda","CX-5","2.5 S Select","$29,525"
"2022","Mazda","CX-5","2.5 S Preferred","$31,225"
"2022","Mazda","CX-5","2.5 S Carbon Edition","$32,345"
"2022","Mazda","CX-5","2.5 S Premium","$33,935"
"2022","Mazda","CX-5","2.5 S Premium Plus","$35,575"
"2022","Mazda","CX-5","2.5 Turbo","$38,025"
"2022","Mazda","CX-5","2.5 Turbo Signature","$40,275"
"2023","Mazda","CX-5","2.5 S","$27,975"
"2023","Mazda","CX-5","2.5 S Select","$29,775"
"2023","Mazda","CX-5","2.5 S Preferred","$31,465"
"2023","Mazda","CX-5","2.5 S Carbon Edition","$32,375"
"2023","Mazda","CX-5","2.5 S Premium","$34,275"
"2023","Mazda","CX-5","2.5 S Premium Plus","$36,775"
"2023","Mazda","CX-5","2.5 Turbo","$38,125"
"2023","Mazda","CX-5","2.5 Turbo Signature","$40,925"
"2023","Mazda","CX-50","S","$28,825"
"2023","Mazda","CX-50","Select","$30,225"
"2023","Mazda","CX-50","Preferred","$31,525"
"2023","Mazda","CX-50","Preferred Plus","$33,965"
"2023","Mazda","CX-50","Premium","$36,425"
"2023","Mazda","CX-50","Premium Plus","$38,425"
"2023","Mazda","CX-50","Turbo","$38,425"
"2023","Mazda","CX-50","Turbo Meridian Edition","$41,225"
"2023","Mazda","CX-50","Turbo Premium","$41,575"
"2023","Mazda","CX-50","Turbo Premium Plus","$43,575"
"2022","Mazda","CX-9","Sport","$36,905"
"2022","Mazda","CX-9","Touring","$39,055"
"2022","Mazda","CX-9","Touring Plus","$42,135"
"2022","Mazda","CX-9","Carbon Edition","$45,205"
"2022","Mazda","CX-9","Grand Touring","$46,065"
"2022","Mazda","CX-9","Signature","$48,835"
"2023","Mazda","CX-9","Touring","$40,025"
"2023","Mazda","CX-9","Touring Plus","$42,775"
"2023","Mazda","CX-9","Carbon Edition","$46,105"
"2023","Mazda","CX-9","Grand Touring","$46,965"
"2023","Mazda","CX-9","Signature","$49,735"
"2022","Mazda","Mazda3","2.0","$22,215"
"2022","Mazda","Mazda3","2.5 S","$23,165"
"2022","Mazda","Mazda3","Select","$24,515"
"2022","Mazda","Mazda3","Preferred","$26,165"
"2022","Mazda","Mazda3","Carbon Edition","$27,815"
"2022","Mazda","Mazda3","Premium","$28,765"
"2022","Mazda","Mazda3","2.5 Turbo","$31,965"
"2022","Mazda","Mazda3","2.5 Turbo Premium Plus","$34,515"
"2023","Mazda","Mazda3","2.5 S","$23,615"
"2023","Mazda","Mazda3","Select","$25,015"
"2023","Mazda","Mazda3","Preferred","$26,615"
"2023","Mazda","Mazda3","Carbon Edition","$28,265"
"2023","Mazda","Mazda3","Premium","$30,215"
"2023","Mazda","Mazda3","2.5 Turbo","$33,515"
"2023","Mazda","Mazda3","2.5 Turbo Premium Plus","$35,065"
"2022","Mazda","MX-30 EV","Standard","$34,695"
"2022","Mazda","MX-30 EV","Premium Plus","$37,705"
"2022","Mazda","MX-5 Miata","Sport","$28,715"
"2022","Mazda","MX-5 Miata","Club","$32,215"
"2022","Mazda","MX-5 Miata","Grand Touring","$33,715"
"2022","Mercedes-Benz","A-Class","A 220","$35,000"
"2022","Mercedes-Benz","AMG GT","AMG GT 43","$93,550"
"2022","Mercedes-Benz","AMG GT","AMG GT 53","$103,650"
"2022","Mercedes-Benz","C-Class","C 300","$44,600"
"2022","Mercedes-Benz","C-Class","AMG C 43","$61,550"
"2022","Mercedes-Benz","C-Class","AMG C 63 S","$88,150"
"2022","Mercedes-Benz","CLA","CLA 250","$39,250"
"2022","Mercedes-Benz","CLA","AMG CLA 35","$48,950"
"2022","Mercedes-Benz","CLA","AMG CLA 45","$56,950"
"2023","Mercedes-Benz","CLA","CLA 250","$40,400"
"2023","Mercedes-Benz","CLA","AMG CLA 35","$50,550"
"2023","Mercedes-Benz","CLA","AMG CLA 45","$58,850"
"2022","Mercedes-Benz","CLS","CLS 450","$74,000"
"2022","Mercedes-Benz","E-Class","E 350","$56,000"
"2022","Mercedes-Benz","E-Class","E 450","$63,800"
"2022","Mercedes-Benz","E-Class","AMG E 53","$76,050"
"2023","Mercedes-Benz","E-Class","E 350","$57,800"
"2023","Mercedes-Benz","E-Class","E 450","$66,600"
"2023","Mercedes-Benz","E-Class","AMG E 53","$82,350"
"2023","Mercedes-Benz","E-Class","AMG E 63 S","$122,150"
"2022","Mercedes-Benz","EQB","EQB 300","$55,550"
"2022","Mercedes-Benz","EQB","EQB 350","$59,100"
"2022","Mercedes-Benz","EQS Sedan","EQS 450+","$105,450"
"2022","Mercedes-Benz","EQS Sedan","EQS 580","$127,000"
"2022","Mercedes-Benz","EQS Sedan","AMG EQS","$148,550"
"2023","Mercedes-Benz","EQS Sedan","EQS 450+","$105,450"
"2023","Mercedes-Benz","EQS Sedan","EQS 580","$127,000"
"2023","Mercedes-Benz","EQS SUV","EQS 450+","$105,450"
"2023","Mercedes-Benz","EQS SUV","EQS 580","$127,000"
"2022","Mercedes-Benz","G-Class","G 550","$140,950"
"2022","Mercedes-Benz","G-Class","AMG G 63","$180,050"
"2022","Mercedes-Benz","GLA","GLA 250","$37,450"
"2022","Mercedes-Benz","GLA","AMG GLA 35","$49,000"
"2022","Mercedes-Benz","GLA","AMG GLA 45","$56,450"
"2023","Mercedes-Benz","GLA","GLA 250","$38,550"
"2023","Mercedes-Benz","GLA","AMG GLA 35","$50,550"
"2023","Mercedes-Benz","GLA","AMG GLA 45","$57,700"
"2022","Mercedes-Benz","GLB","GLB 250","$39,650"
"2022","Mercedes-Benz","GLB","AMG GLB 35","$50,945"
"2022","Mercedes-Benz","GLC","GLC 300","$44,900"
"2022","Mercedes-Benz","GLC","AMG GLC 43","$60,950"
"2022","Mercedes-Benz","GLE","GLE 350","$57,200"
"2022","Mercedes-Benz","GLE","GLE 450","$65,000"
"2022","Mercedes-Benz","GLE","GLE 580","$81,950"
"2022","Mercedes-Benz","GLE","AMG GLE 53","$75,200"
"2022","Mercedes-Benz","GLE","AMG GLE 63 S","$117,909"
"2023","Mercedes-Benz","GLE","GLE 350","$58,750"
"2023","Mercedes-Benz","GLE","GLE 450","$67,500"
"2023","Mercedes-Benz","GLE","AMG GLE 53","$78,000"
"2023","Mercedes-Benz","GLE","GLE 580","$84,900"
"2023","Mercedes-Benz","GLE","AMG GLE 63 S","$121,750"
"2022","Mercedes-Benz","GLS","GLS 450","$78,900"
"2022","Mercedes-Benz","GLS","GLS 580","$102,300"
"2022","Mercedes-Benz","GLS","AMG GLS 63","$136,450"
"2022","Mercedes-Benz","GLS","Maybach GLS 600","$166,150"
"2022","Mercedes-Benz","Metris Cargo Van","Standard","$36,195"
"2022","Mercedes-Benz","Metris Passenger Van","Standard","$39,895"
"2022","Mercedes-Benz","S-Class","S 500","$112,150"
"2022","Mercedes-Benz","S-Class","S 580","$118,750"
"2022","Mercedes-Benz","S-Class","Maybach S 580","$185,950"
"2023","Mercedes-Benz","S-Class","S 500","$115,550"
"2023","Mercedes-Benz","S-Class","S 580","$125,050"
"2022","Mercedes-Benz","SL","AMG SL 55","$138,450"
"2022","Mercedes-Benz","SL","AMG SL 63","$179,150"
"2022","Mercedes-Benz","Sprinter Cargo Van","1500","$39,945"
"2022","Mercedes-Benz","Sprinter Cargo Van","2500","$41,295"
"2022","Mercedes-Benz","Sprinter Cargo Van","3500","$47,125"
"2022","Mercedes-Benz","Sprinter Cargo Van","3500XD","$49,595"
"2022","Mercedes-Benz","Sprinter Cargo Van","4500","$51,795"
"2022","Mercedes-Benz","Sprinter Crew Van","2500","$45,095"
"2022","Mercedes-Benz","Sprinter Crew Van","3500","$50,925"
"2022","Mercedes-Benz","Sprinter Crew Van","3500XD","$53,395"
"2022","Mercedes-Benz","Sprinter Crew Van","4500","$55,595"
"2022","Mercedes-Benz","Sprinter Passenger Van","1500","$46,995"
"2022","Mercedes-Benz","Sprinter Passenger Van","2500","$48,295"
"2023","MINI","Clubman","Cooper S","$35,350"
"2023","MINI","Clubman","John Cooper Works","$43,750"
"2022","MINI","Convertible","Cooper","$28,750"
"2022","MINI","Convertible","Cooper S","$32,750"
"2022","MINI","Convertible","John Cooper Works","$39,750"
"2023","MINI","Convertible","Cooper","$33,250"
"2023","MINI","Convertible","Cooper S","$36,750"
"2023","MINI","Convertible","John Cooper Works","$41,500"
"2023","MINI","Countryman","Cooper","$33,450"
"2023","MINI","Countryman","Cooper S","$36,350"
"2023","MINI","Countryman","John Cooper Works","$45,750"
"2023","MINI","Countryman","Cooper SE","$42,350"
"2023","MINI","Electric Hardtop","Cooper SE Signature","$30,750"
"2023","MINI","Electric Hardtop","Cooper SE","$34,750"
"2023","MINI","Hardtop","Cooper","$28,250"
"2023","MINI","Hardtop","Cooper S","$31,750"
"2023","MINI","Hardtop","John Cooper Works","$36,750"
"2023","Mitsubishi","Eclipse Cross","ES","$27,140"
"2023","Mitsubishi","Eclipse Cross","LE","$28,390"
"2023","Mitsubishi","Eclipse Cross","SE","$29,390"
"2023","Mitsubishi","Eclipse Cross","SEL","$30,840"
"2022","Mitsubishi","Mirage","ES","$15,690"
"2022","Mitsubishi","Mirage","LE","$17,640"
"2022","Mitsubishi","Mirage","Black Edition","$18,240"
"2022","Mitsubishi","Mirage","SE","$18,940"
"2022","Mitsubishi","Outlander","ES","$27,390"
"2022","Mitsubishi","Outlander","Black Edition","$31,290"
"2022","Mitsubishi","Outlander","SE","$30,440"
"2022","Mitsubishi","Outlander","SE Launch Edition","$31,290"
"2022","Mitsubishi","Outlander","SEL Special Edition","$33,240"
"2022","Mitsubishi","Outlander","SEL","$33,540"
"2022","Mitsubishi","Outlander","SEL Launch Edition","$36,640"
"2022","Mitsubishi","Outlander","Plug-in Hybrid SEL","$38,290"
"2022","Mitsubishi","Outlander","Plug-In Hybrid LE","$39,990"
"2022","Mitsubishi","Outlander","Plug-In Hybrid GT","$43,990"
"2022","Mitsubishi","Outlander Sport","S","$22,740"
"2022","Mitsubishi","Outlander Sport","ES","$24,740"
"2022","Mitsubishi","Outlander Sport","LE","$25,690"
"2022","Mitsubishi","Outlander Sport","SE Special Edition","$26,490"
"2022","Mitsubishi","Outlander Sport","SE","$26,990"
"2022","Mitsubishi","Outlander Sport","GT Special Edition","$28,840"
"2022","Mitsubishi","Outlander Sport","GT","$29,340"
"2022","Nissan","Altima","S","$25,995"
"2022","Nissan","Altima","SV","$26,995"
"2022","Nissan","Altima","SR","$27,995"
"2022","Nissan","Altima","SL","$31,435"
"2022","Nissan","Altima","Platinum","$35,695"
"2022","Nissan","Armada","S","$51,595"
"2022","Nissan","Armada","SV","$55,765"
"2022","Nissan","Armada","SL","$59,455"
"2022","Nissan","Armada","Platinum","$67,895"
"2022","Nissan","Frontier","S","$29,985"
"2022","Nissan","Frontier","SV","$32,685"
"2022","Nissan","Frontier","PRO-X","$36,415"
"2022","Nissan","Frontier","PRO-4X","$39,415"
"2022","Nissan","Kicks","S","$21,285"
"2022","Nissan","Kicks","SV","$23,145"
"2022","Nissan","Kicks","SR","$23,845"
"2023","Nissan","Kicks","S","$21,585"
"2023","Nissan","Kicks","SV","$23,445"
"2023","Nissan","Kicks","SR","$24,145"
"2023","Nissan","LEAF","S","$29,135"
"2023","Nissan","LEAF","SV PLUS","$37,135"
"2022","Nissan","Maxima","SV","$38,935"
"2022","Nissan","Maxima","SR","$44,095"
"2022","Nissan","Maxima","Platinum","$44,245"
"2022","Nissan","Murano","S","$34,605"
"2022","Nissan","Murano","SV","$38,145"
"2022","Nissan","Murano","SL","$42,105"
"2022","Nissan","Murano","Platinum","$46,155"
"2023","Nissan","Murano","S","$34,955"
"2023","Nissan","Murano","SV","$38,495"
"2023","Nissan","Murano","SL","$42,455"
"2023","Nissan","Murano","Platinum","$46,505"
"2022","Nissan","Pathfinder","S","$35,935"
"2022","Nissan","Pathfinder","SV","$38,755"
"2022","Nissan","Pathfinder","SL","$41,835"
"2022","Nissan","Pathfinder","Platinum","$48,435"
"2022","Nissan","Rogue","S","$28,445"
"2022","Nissan","Rogue","SV","$30,135"
"2022","Nissan","Rogue","SL","$34,795"
"2022","Nissan","Rogue","Platinum","$38,225"
"2023","Nissan","Rogue","S","$28,655"
"2023","Nissan","Rogue","SV","$30,345"
"2023","Nissan","Rogue","SL","$35,005"
"2023","Nissan","Rogue","Platinum","$38,435"
"2022","Nissan","Rogue Sport","S","$26,255"
"2022","Nissan","Rogue Sport","SV","$27,825"
"2022","Nissan","Rogue Sport","SL","$30,885"
"2022","Nissan","Sentra","S","$21,045"
"2022","Nissan","Sentra","SV","$22,125"
"2022","Nissan","Sentra","SR","$23,795"
"2022","Nissan","Titan","S","$40,605"
"2022","Nissan","Titan","SV","$45,855"
"2022","Nissan","Titan","PRO-4X","$53,495"
"2022","Nissan","Titan","Platinum Reserve","$59,295"
"2023","Nissan","Titan","S","$41,495"
"2023","Nissan","Titan","SV","$46,795"
"2023","Nissan","Titan","PRO-4X","$54,605"
"2023","Nissan","Titan","Platinum Reserve","$60,465"
"2022","Nissan","Titan XD","S","$48,175"
"2022","Nissan","Titan XD","SV","$51,955"
"2022","Nissan","Titan XD","PRO-4X","$57,765"
"2022","Nissan","Titan XD","Platinum Reserve","$65,635"
"2023","Nissan","Titan XD","S","$49,135"
"2023","Nissan","Titan XD","SV","$52,955"
"2023","Nissan","Titan XD","PRO-4X","$58,915"
"2023","Nissan","Titan XD","Platinum Reserve","$66,865"
"2022","Nissan","Versa","S","$16,675"
"2022","Nissan","Versa","SV","$19,485"
"2022","Nissan","Versa","SR","$20,085"
"2023","Nissan","Z","Sport","$41,015"
"2023","Nissan","Z","Performance","$51,015"
"2023","Nissan","Z","Proto Spec","$54,015"
"2022","Porsche","718 Boxster","Standard","$63,950"
"2022","Porsche","718 Boxster","T","$73,050"
"2022","Porsche","718 Boxster","S","$75,950"
"2022","Porsche","718 Boxster","GTS","$90,850"
"2022","Porsche","718 Boxster","25 Years","$101,450"
"2022","Porsche","718 Boxster","Spyder","$99,650"
"2022","Porsche","718 Cayman","Standard","$61,850"
"2022","Porsche","718 Cayman","T","$70,950"
"2022","Porsche","718 Cayman","S","$73,850"
"2022","Porsche","718 Cayman","GTS","$88,750"
"2022","Porsche","718 Cayman","GT4","$102,550"
"2022","Porsche","911","Carrera","$102,550"
"2022","Porsche","911","Carrera 4","$109,850"
"2022","Porsche","911","Targa 4","$122,650"
"2022","Porsche","911","Carrera S","$118,450"
"2022","Porsche","911","Carrera 4S","$125,750"
"2022","Porsche","911","Targa 4S","$138,550"
"2022","Porsche","911","Carrera GTS","$138,050"
"2022","Porsche","911","Carrera 4 GTS","$145,350"
"2022","Porsche","911","Targa 4 GTS","$158,150"
"2022","Porsche","911","Edition 50 Years Porsche Design","$185,150"
"2022","Porsche","911","GT3","$162,450"
"2022","Porsche","911","Turbo","$175,650"
"2022","Porsche","911","Turbo S","$208,350"
"2022","Porsche","Cayenne","Standard","$70,350"
"2022","Porsche","Cayenne","Platinum Edition","$80,350"
"2022","Porsche","Cayenne","E-Hybrid","$84,650"
"2022","Porsche","Cayenne","E-Hybrid Platinum Edition","$94,050"
"2022","Porsche","Cayenne","S","$88,150"
"2022","Porsche","Cayenne","S Platinum Edition","$94,750"
"2022","Porsche","Cayenne","GTS","$110,350"
"2022","Porsche","Cayenne","Turbo","$131,250"
"2022","Porsche","Cayenne","Turbo S E-Hybrid","$166,650"
"2022","Porsche","Cayenne","Turbo GT","$182,150"
"2023","Porsche","Cayenne","Standard","$73,650"
"2023","Porsche","Cayenne","Platinum Edition","$81,850"
"2023","Porsche","Cayenne","E-Hybrid","$87,950"
"2023","Porsche","Cayenne","E-Hybrid Platinum Edition","$95,850"
"2023","Porsche","Cayenne","S","$92,350"
"2023","Porsche","Cayenne","S Platinum Edition","$96,550"
"2023","Porsche","Cayenne","GTS","$114,550"
"2023","Porsche","Cayenne","Turbo","$137,350"
"2023","Porsche","Cayenne","Turbo S E-Hybrid","$172,750"
"2023","Porsche","Cayenne","Turbo GT","$190,150"
"2022","Porsche","Macan","Standard","$56,250"
"2022","Porsche","Macan","S","$66,750"
"2022","Porsche","Macan","GTS","$81,250"
"2023","Porsche","Macan","Standard","$58,950"
"2023","Porsche","Macan","T","$64,550"
"2023","Porsche","Macan","S","$69,850"
"2023","Porsche","Macan","GTS","$84,350"
"2022","Porsche","Panamera","Standard","$89,750"
"2022","Porsche","Panamera","Platinum Edition","$103,250"
"2022","Porsche","Panamera","4","$94,350"
"2022","Porsche","Panamera","4 Platinum Edition","$107,350"
"2022","Porsche","Panamera","4 E-Hybrid","$106,350"
"2022","Porsche","Panamera","4 E-Hybrid Platinum Edition","$116,550"
"2022","Porsche","Panamera","4S","$107,750"
"2022","Porsche","Panamera","4S E-Hybrid","$116,050"
"2022","Porsche","Panamera","GTS","$132,050"
"2022","Porsche","Panamera","Turbo S","$181,150"
"2022","Porsche","Panamera","Turbo S E-Hybrid","$191,150"
"2023","Porsche","Panamera","Standard","$93,850"
"2023","Porsche","Panamera","Platinum Edition","$106,550"
"2023","Porsche","Panamera","4","$98,450"
"2023","Porsche","Panamera","4 Platinum Edition","$110,750"
"2023","Porsche","Panamera","4 E-Hybrid","$110,450"
"2023","Porsche","Panamera","4 E-Hybrid Platinum Edition","$120,250"
"2023","Porsche","Panamera","4S","$112,350"
"2023","Porsche","Panamera","4S E-Hybrid","$120,650"
"2023","Porsche","Panamera","GTS","$136,650"
"2023","Porsche","Panamera","Turbo S","$187,850"
"2023","Porsche","Panamera","Turbo S E-Hybrid","$197,850"
"2022","Porsche","Taycan","Standard","$84,050"
"2022","Porsche","Taycan","4","$95,050"
"2022","Porsche","Taycan","4S","$105,150"
"2022","Porsche","Taycan","GTS","$132,750"
"2022","Porsche","Taycan","Turbo","$152,250"
"2022","Porsche","Taycan","Turbo S","$186,350"
"2022","Ram","1500","Tradesman","$38,295"
"2022","Ram","1500","Tradesman HFE","$39,932"
"2022","Ram","1500","Big Horn","$43,510"
"2022","Ram","1500","Lone Star","$43,510"
"2022","Ram","1500","Laramie","$45,140"
"2022","Ram","1500","Rebel","$49,935"
"2022","Ram","1500","Longhorn","$59,265"
"2022","Ram","1500","Limited","$64,280"
"2022","Ram","1500","TRX","$80,585"
"2022","Ram","1500 Classic","Tradesman","$31,445"
"2022","Ram","1500 Classic","Express","$31,445"
"2022","Ram","1500 Classic","Warlock","$42,835"
"2022","Ram","2500","Tradesman","$45,210"
"2022","Ram","2500","Big Horn","$49,230"
"2022","Ram","2500","Lone Star","$49,230"
"2022","Ram","2500","Laramie","$60,710"
"2022","Ram","2500","Power Wagon","$65,050"
"2022","Ram","2500","Longhorn","$68,380"
"2022","Ram","2500","Limited","$73,045"
"2022","Ram","3500","Tradesman","$47,315"
"2022","Ram","3500","Big Horn","$51,335"
"2022","Ram","3500","Lone Star","$51,335"
"2022","Ram","3500","Laramie","$62,730"
"2022","Ram","3500","Longhorn","$70,405"
"2022","Ram","3500","Limited","$75,070"
"2022","Ram","ProMaster Cargo Van","1500","$41,510"
"2022","Ram","ProMaster Cargo Van","2500","$45,795"
"2022","Ram","ProMaster Cargo Van","3500","$46,835"
"2023","Ram","ProMaster Cargo Van","1500","$41,790"
"2023","Ram","ProMaster Cargo Van","2500","$46,075"
"2023","Ram","ProMaster Cargo Van","3500","$47,115"
"2022","Ram","ProMaster City Cargo Van","Tradesman","$33,920"
"2022","Ram","ProMaster City Wagon","Base","$34,415"
"2022","Ram","ProMaster Window Van","2500","$47,345"
"2022","Ram","ProMaster Window Van","3500","$51,280"
"2022","Subaru","Ascent","Base","$33,970"
"2022","Subaru","Ascent","Premium","$36,470"
"2022","Subaru","Ascent","Onyx Edition","$39,670"
"2022","Subaru","Ascent","Limited","$41,270"
"2022","Subaru","Ascent","Touring","$47,120"
"2023","Subaru","BRZ","Premium","$29,615"
"2023","Subaru","BRZ","Limited","$32,115"
"2023","Subaru","Crosstrek","2.0i","$24,870"
"2023","Subaru","Crosstrek","2.0i Premium","$26,020"
"2023","Subaru","Crosstrek","2.5i Sport","$29,220"
"2023","Subaru","Crosstrek","2.5i Limited","$30,720"
"2023","Subaru","Crosstrek","Hybrid","$38,070"
"2022","Subaru","Forester","Base","$27,070"
"2022","Subaru","Forester","Premium","$30,070"
"2022","Subaru","Forester","Sport","$31,640"
"2022","Subaru","Forester","Wilderness","$34,695"
"2022","Subaru","Forester","Limited","$33,750"
"2022","Subaru","Forester","Touring","$37,170"
"2022","Subaru","Impreza","2.0i","$20,290"
"2022","Subaru","Impreza","2.0i Premium","$23,690"
"2022","Subaru","Impreza","2.0i Sport","$24,490"
"2022","Subaru","Impreza","2.0i Limited","$27,890"
"2023","Subaru","Impreza","2.0i","$20,815"
"2023","Subaru","Impreza","2.0i Premium","$24,215"
"2023","Subaru","Impreza","2.0i Sport","$25,015"
"2023","Subaru","Impreza","2.0i Limited","$28,415"
"2022","Subaru","Legacy","2.5i","$24,490"
"2022","Subaru","Legacy","Premium","$26,740"
"2022","Subaru","Legacy","Sport","$30,285"
"2022","Subaru","Legacy","Limited","$31,440"
"2022","Subaru","Legacy","Limited XT","$35,990"
"2022","Subaru","Legacy","Touring XT","$37,690"
"2023","Subaru","Legacy","Base","$25,415"
"2023","Subaru","Legacy","Premium","$27,715"
"2023","Subaru","Legacy","Sport","$34,915"
"2023","Subaru","Legacy","Limited","$32,465"
"2023","Subaru","Legacy","Touring XT","$38,715"
"2022","Subaru","Outback","2.5i","$28,820"
"2022","Subaru","Outback","2.5i Premium","$31,020"
"2022","Subaru","Outback","2.5i Limited","$35,470"
"2022","Subaru","Outback","2.5i Touring","$39,370"
"2022","Subaru","Outback","2.4T Onyx Edition XT","$37,020"
"2022","Subaru","Outback","2.4T Wilderness","$38,870"
"2022","Subaru","Outback","2.4T Limited XT","$39,870"
"2022","Subaru","Outback","2.4T Touring XT","$41,820"
"2023","Subaru","Outback","Base","$29,620"
"2023","Subaru","Outback","Premium","$31,920"
"2023","Subaru","Outback","Onyx Edition","$34,720"
"2023","Subaru","Outback","Limited","$36,520"
"2023","Subaru","Outback","Touring","$41,070"
"2023","Subaru","Outback","Onyx Edition XT","$41,665"
"2023","Subaru","Outback","Wilderness","$39,670"
"2023","Subaru","Outback","Limited XT","$40,920"
"2023","Subaru","Outback","Touring XT","$43,520"
"2022","Subaru","WRX","Standard","$30,600"
"2022","Subaru","WRX","Premium","$33,100"
"2022","Subaru","WRX","Limited","$37,490"
"2022","Subaru","WRX","GT","$43,390"
"2022","Toyota","4Runner","SR5","$39,440"
"2022","Toyota","4Runner","TRD Sport","$42,285"
"2022","Toyota","4Runner","Trail Special Edition","$41,410"
"2022","Toyota","4Runner","SR5 Premium","$42,850"
"2022","Toyota","4Runner","TRD Off Road","$43,270"
"2022","Toyota","4Runner","TRD Off Road Premium","$46,215"
"2022","Toyota","4Runner","Limited","$49,025"
"2022","Toyota","4Runner","TRD Pro","$54,255"
"2023","Toyota","4Runner","SR5","$40,140"
"2023","Toyota","4Runner","TRD Sport","$43,000"
"2023","Toyota","4Runner","SR5 Premium","$43,200"
"2023","Toyota","4Runner","TRD Off Road","$43,985"
"2023","Toyota","4Runner","TRD Off Road Premium","$46,565"
"2023","Toyota","4Runner","40th Anniversary Special Edition","$47,705"
"2023","Toyota","4Runner","Limited","$49,375"
"2023","Toyota","4Runner","TRD Pro","$54,605"
"2022","Toyota","Avalon","XLE","$37,920"
"2022","Toyota","Avalon","Hybrid XLE","$38,945"
"2022","Toyota","Avalon","Hybrid XSE Nightshade","$42,295"
"2022","Toyota","Avalon","Touring","$44,620"
"2022","Toyota","Avalon","Limited","$44,220"
"2022","Toyota","Avalon","Hybrid Limited","$45,245"
"2023","Toyota","bZ4X","XLE","$43,335"
"2023","Toyota","bZ4X","Limited","$48,035"
"2022","Toyota","Camry","LE","$26,940"
"2022","Toyota","Camry","Hybrid LE","$29,075"
"2022","Toyota","Camry","SE","$28,480"
"2022","Toyota","Camry","Hybrid SE","$30,610"
"2022","Toyota","Camry","SE Nightshade","$29,180"
"2022","Toyota","Camry","Hybrid SE Nightshade","$31,310"
"2022","Toyota","Camry","XLE","$31,690"
"2022","Toyota","Camry","Hybrid XLE","$33,965"
"2022","Toyota","Camry","XSE","$32,240"
"2022","Toyota","Camry","Hybrid XSE","$34,515"
"2022","Toyota","Camry","TRD V6","$34,005"
"2022","Toyota","Camry","XLE V6","$36,815"
"2022","Toyota","Camry","XSE V6","$37,365"
"2023","Toyota","Camry","LE","$27,040"
"2023","Toyota","Camry","Hybrid LE","$29,175"
"2023","Toyota","Camry","SE","$28,580"
"2023","Toyota","Camry","Hybrid SE","$30,710"
"2023","Toyota","Camry","SE Nightshade","$29,580"
"2023","Toyota","Camry","Hybrid SE Nightshade","$31,710"
"2023","Toyota","Camry","XLE","$31,790"
"2023","Toyota","Camry","Hybrid XLE","$34,065"
"2023","Toyota","Camry","XSE","$32,340"
"2023","Toyota","Camry","Hybrid XSE","$34,615"
"2023","Toyota","Camry","TRD V6","$34,105"
"2023","Toyota","Camry","XLE V6","$36,915"
"2023","Toyota","Camry","XSE V6","$37,465"
"2022","Toyota","C-HR","XLE","$25,615"
"2022","Toyota","C-HR","Nightshade","$26,380"
"2022","Toyota","C-HR","Limited","$28,635"
"2022","Toyota","Corolla","L","$21,520"
"2022","Toyota","Corolla","LE","$21,970"
"2022","Toyota","Corolla","Hybrid LE","$25,145"
"2022","Toyota","Corolla","SE","$23,970"
"2022","Toyota","Corolla","SE Nightshade","$24,670"
"2022","Toyota","Corolla","APEX SE","$26,665"
"2022","Toyota","Corolla","XLE","$25,920"
"2022","Toyota","Corolla","XSE","$27,420"
"2022","Toyota","Corolla","APEX XSE","$29,805"
"2022","Toyota","Corolla Cross","L","$23,780"
"2022","Toyota","Corolla Cross","LE","$26,130"
"2022","Toyota","Corolla Cross","XLE","$27,910"
"2022","Toyota","Corolla Hatchback","SE","$22,260"
"2022","Toyota","Corolla Hatchback","Nightshade","$24,260"
"2022","Toyota","Corolla Hatchback","XSE","$25,210"
"2022","Toyota","GR86","Base","$28,795"
"2022","Toyota","GR86","Premium","$31,395"
"2023","Toyota","GR86","Base","$28,995"
"2023","Toyota","GR86","Premium","$31,595"
"2022","Toyota","GR Supra","2.0","$44,635"
"2022","Toyota","GR Supra","3.0","$52,985"
"2022","Toyota","GR Supra","3.0 Premium","$56,135"
"2022","Toyota","GR Supra","A91-CF Edition","$64,375"
"2022","Toyota","Highlander","L","$37,190"
"2022","Toyota","Highlander","LE","$39,390"
"2022","Toyota","Highlander","Hybrid LE","$40,890"
"2022","Toyota","Highlander","XLE","$42,390"
"2022","Toyota","Highlander","Hybrid XLE","$43,890"
"2022","Toyota","Highlander","Hybrid XLE Bronze","$45,915"
"2022","Toyota","Highlander","XSE","$43,985"
"2022","Toyota","Highlander","Limited","$46,345"
"2022","Toyota","Highlander","Hybrid Limited","$47,845"
"2022","Toyota","Highlander","Platinum","$49,345"
"2022","Toyota","Highlander","Hybrid Platinum","$50,845"
"2022","Toyota","Prius","L Eco","$26,170"
"2022","Toyota","Prius","LE","$27,380"
"2022","Toyota","Prius","XLE","$30,390"
"2022","Toyota","Prius","Nightshade","$30,640"
"2022","Toyota","Prius","Limited","$34,465"
"2022","Toyota","Prius Prime","LE","$29,865"
"2022","Toyota","Prius Prime","XLE","$31,645"
"2022","Toyota","Prius Prime","Limited","$35,645"
"2022","Toyota","RAV4","LE","$28,310"
"2022","Toyota","RAV4","Hybrid LE","$30,910"
"2022","Toyota","RAV4","XLE","$29,780"
"2022","Toyota","RAV4","Hybrid XLE","$32,380"
"2022","Toyota","RAV4","Hybrid SE","$33,565"
"2022","Toyota","RAV4","Hybrid XSE","$36,890"
"2022","Toyota","RAV4","XLE Premium","$32,670"
"2022","Toyota","RAV4","Hybrid XLE Premium","$35,270"
"2022","Toyota","RAV4","Adventure","$34,565"
"2022","Toyota","RAV4","TRD Off Road","$38,250"
"2022","Toyota","RAV4","Limited","$36,810"
"2022","Toyota","RAV4","Hybrid Limited","$39,410"
"2022","Toyota","RAV4 Prime","SE","$41,635"
"2022","Toyota","RAV4 Prime","XSE","$44,960"
"2022","Toyota","Sequoia","SR5","$52,095"
"2022","Toyota","Sequoia","TRD Sport","$54,810"
"2022","Toyota","Sequoia","Limited","$61,115"
"2022","Toyota","Sequoia","Nightshade","$62,200"
"2022","Toyota","Sequoia","Platinum","$68,145"
"2022","Toyota","Sequoia","TRD Pro","$66,220"
"2022","Toyota","Sienna","LE","$36,620"
"2022","Toyota","Sienna","XLE","$41,910"
"2022","Toyota","Sienna","XLE Woodland Edition","$46,835"
"2022","Toyota","Sienna","XSE","$44,160"
"2022","Toyota","Sienna","Limited","$48,860"
"2022","Toyota","Sienna","Platinum","$52,060"
"2022","Toyota","Tacoma","SR","$28,485"
"2022","Toyota","Tacoma","SR5","$30,275"
"2022","Toyota","Tacoma","TRD Sport","$35,395"
"2022","Toyota","Tacoma","TRD Off Road","$36,675"
"2022","Toyota","Tacoma","Limited","$41,240"
"2022","Toyota","Tacoma","TRD Pro","$47,920"
"2023","Toyota","Tacoma","SR","$28,585"
"2023","Toyota","Tacoma","SR5","$30,375"
"2023","Toyota","Tacoma","TRD Sport","$35,495"
"2023","Toyota","Tacoma","TRD Off Road","$36,775"
"2023","Toyota","Tacoma","Limited","$41,340"
"2023","Toyota","Tacoma","TRD Pro","$48,020"
"2023","Toyota","Tacoma","Trail Special Edition","$45,570"
"2022","Toyota","Tundra","SR","$37,745"
"2022","Toyota","Tundra","SR5","$43,250"
"2022","Toyota","Tundra","Limited","$49,345"
"2022","Toyota","Tundra","Hybrid Limited","$54,795"
"2022","Toyota","Tundra","Platinum","$59,485"
"2022","Toyota","Tundra","Hybrid Platinum","$62,885"
"2022","Toyota","Tundra","1794 Edition","$60,185"
"2022","Toyota","Tundra","Hybrid 1794 Edition","$63,585"
"2022","Toyota","Tundra","Hybrid TRD Pro","$69,300"
"2022","Toyota","Tundra","Hybrid Capstone","$76,025"
"2022","Toyota","Venza","LE","$34,575"
"2022","Toyota","Venza","XLE","$38,110"
"2022","Toyota","Venza","Limited","$42,065"
"2022","Volkswagen","Arteon","SE R-Line","$42,045"
"2022","Volkswagen","Arteon","SEL R-Line","$46,845"
"2022","Volkswagen","Arteon","SEL Premium R-Line","$50,845"
"2023","Volkswagen","Arteon","SE R-Line","$43,825"
"2023","Volkswagen","Arteon","SEL R-Line","$47,995"
"2023","Volkswagen","Arteon","SEL Premium R-Line","$50,990"
"2022","Volkswagen","Atlas","SE","$35,630"
"2022","Volkswagen","Atlas","SE with Technology","$39,800"
"2022","Volkswagen","Atlas","SEL","$45,400"
"2022","Volkswagen","Atlas","SEL R-Line","$48,550"
"2022","Volkswagen","Atlas","SEL R-Line Black","$49,100"
"2022","Volkswagen","Atlas","SEL Premium R-Line","$52,800"
"2023","Volkswagen","Atlas","SE","$35,895"
"2023","Volkswagen","Atlas","SE with Technology","$40,065"
"2023","Volkswagen","Atlas","SEL","$45,685"
"2023","Volkswagen","Atlas","SEL R-Line Black","$49,385"
"2023","Volkswagen","Atlas","SEL Premium R-Line","$53,085"
"2022","Volkswagen","Atlas Cross Sport","SE","$34,930"
"2022","Volkswagen","Atlas Cross Sport","SE with Technology","$39,100"
"2022","Volkswagen","Atlas Cross Sport","SEL","$44,700"
"2022","Volkswagen","Atlas Cross Sport","SEL R-Line","$46,100"
"2022","Volkswagen","Atlas Cross Sport","SEL R-Line Black","$46,650"
"2022","Volkswagen","Atlas Cross Sport","SEL Premium R-Line","$52,100"
"2023","Volkswagen","Atlas Cross Sport","SE","$35,205"
"2023","Volkswagen","Atlas Cross Sport","SE with Technology","$39,375"
"2023","Volkswagen","Atlas Cross Sport","SEL","$44,975"
"2023","Volkswagen","Atlas Cross Sport","SEL R-Line Black","$46,925"
"2023","Volkswagen","Atlas Cross Sport","SEL Premium R-Line","$52,370"
"2022","Volkswagen","Golf GTI","S","$30,975"
"2022","Volkswagen","Golf GTI","SE","$35,725"
"2022","Volkswagen","Golf GTI","Autobahn","$39,425"
"2022","Volkswagen","Golf R","Base","$45,185"
"2022","Volkswagen","Jetta","S","$21,460"
"2022","Volkswagen","Jetta","Sport","$22,360"
"2022","Volkswagen","Jetta","SE","$25,190"
"2022","Volkswagen","Jetta","SEL","$29,190"
"2022","Volkswagen","Jetta","GLI Autobahn","$32,390"
"2022","Volkswagen","Passat","SE","$28,570"
"2022","Volkswagen","Passat","R-Line","$30,570"
"2022","Volkswagen","Passat","Limited Edition","$31,570"
"2022","Volkswagen","Taos","S","$24,790"
"2022","Volkswagen","Taos","SE","$29,190"
"2022","Volkswagen","Taos","SEL","$33,385"
"2023","Volkswagen","Taos","S","$25,450"
"2023","Volkswagen","Taos","SE","$30,220"
"2023","Volkswagen","Taos","SEL","$35,830"
"2022","Volkswagen","Tiguan","S","$27,785"
"2022","Volkswagen","Tiguan","SE","$31,415"
"2022","Volkswagen","Tiguan","SE R-Line Black","$34,245"
"2022","Volkswagen","Tiguan","SEL R-Line","$38,615"
"2022","Volvo","C40 Recharge","Ultimate","$59,845"
"2023","Volvo","C40 Recharge","Core","$56,395"
"2023","Volvo","C40 Recharge","Plus","$57,945"
"2023","Volvo","C40 Recharge","Ultimate","$61,195"
"2022","Volvo","S60","Momentum","$40,295"
"2022","Volvo","S60","R-Design","$43,295"
"2022","Volvo","S60","Inscription","$43,295"
"2022","Volvo","S60","Polestar","$65,845"
"2023","Volvo","S60","Core","$42,395"
"2023","Volvo","S60","Plus","$45,095"
"2023","Volvo","S60","Ultimate","$47,845"
"2022","Volvo","S60 Recharge","R-Design Expression","$48,695"
"2022","Volvo","S60 Recharge","Inscription","$51,695"
"2022","Volvo","S60 Recharge","R-Design","$51,695"
"2022","Volvo","S60 Recharge","Polestar","$65,845"
"2023","Volvo","S60 Recharge","Core","$52,345"
"2023","Volvo","S60 Recharge","Plus","$55,045"
"2023","Volvo","S60 Recharge","Ultimate","$57,795"
"2023","Volvo","S60 Recharge","Polestar","$69,145"
"2022","Volvo","S90","Momentum","$53,895"
"2022","Volvo","S90","Inscription","$56,995"
"2022","Volvo","S90","R-Design","$56,995"
"2022","Volvo","V60 Cross Country","T5","$47,295"
"2023","Volvo","V60 Cross Country","Plus","$49,895"
"2023","Volvo","V60 Cross Country","Ultimate","$55,195"
"2022","Volvo","V60 Recharge","Polestar","$68,395"
"2022","Volvo","V90 Cross Country","B6","$57,295"
"2023","Volvo","V90 Cross Country","Plus","$59,545"
"2023","Volvo","V90 Cross Country","Ultimate","$65,145"
"2022","Volvo","XC40","Momentum","$36,195"
"2022","Volvo","XC40","Inscription","$41,945"
"2022","Volvo","XC40","R-Design","$41,445"
"2023","Volvo","XC40","Core","$37,445"
"2023","Volvo","XC40","Plus","$41,845"
"2023","Volvo","XC40","Ultimate","$45,595"
"2022","Volvo","XC40 Recharge","Core","$52,795"
"2022","Volvo","XC40 Recharge","Plus","$56,395"
"2022","Volvo","XC40 Recharge","Ultimate","$59,245"
"2023","Volvo","XC40 Recharge","Core","$54,645"
"2023","Volvo","XC40 Recharge","Plus","$57,345"
"2023","Volvo","XC40 Recharge","Ultimate","$60,595"
"2022","Volvo","XC60","Momentum","$43,745"
"2022","Volvo","XC60","R-Design","$49,895"
"2022","Volvo","XC60","Inscription","$51,245"
"2023","Volvo","XC60","Core","$44,545"
"2023","Volvo","XC60","Plus","$48,795"
"2023","Volvo","XC60","Ultimate","$54,595"
"2023","Volvo","XC60 Recharge","Core","$58,295"
"2023","Volvo","XC60 Recharge","Plus","$62,545"
"2023","Volvo","XC60 Recharge","Ultimate","$68,045"
"2023","Volvo","XC60 Recharge","Polestar","$75,245"
"2022","Volvo","XC90","Momentum","$51,995"
"2022","Volvo","XC90","Inscription","$65,695"
"2023","Volvo","XC90","Core","$57,095"
"2023","Volvo","XC90","Plus","$60,995"
"2023","Volvo","XC90","Ultimate","$70,295"
"2022","Volvo","XC90 Recharge","Inscription Expression","$65,895"
"2022","Volvo","XC90 Recharge","Inscription","$72,195"
"2022","Volvo","XC90 Recharge","R-Design","$71,595"
"2023","Volvo","XC90 Recharge","Core","$72,995"
"2023","Volvo","XC90 Recharge","Plus","$74,695"
"2023","Volvo","XC90 Recharge","Ultimate","$80,495"